remote,path,size_bytes,modified_at,extension
gdrive:OCR_annotation_Atlas/vps_outputs,atlas_labels_from_gemini.json,2697,2026-03-02T22:29:21.010Z,.json
gdrive:OCR_annotation_Atlas/vps_outputs,atlas_prompt.txt,6486,2026-03-02T22:29:20.986Z,.txt
gdrive:OCR_annotation_Atlas/vps_outputs,atlas_segments_dump.json,6091,2026-03-02T22:29:20.986Z,.json
gdrive:OCR_annotation_Atlas/vps_outputs,debug_episode_failure_20260301_015057.html,362923,2026-03-01T01:50:57.961Z,.html
gdrive:OCR_annotation_Atlas/vps_outputs,debug_episode_failure_20260301_015057.png,315425,2026-03-01T01:50:57.909Z,.png
gdrive:OCR_annotation_Atlas/vps_outputs,debug_episode_failure_20260301_015707.html,362714,2026-03-01T01:57:08.415Z,.html
gdrive:OCR_annotation_Atlas/vps_outputs,debug_episode_failure_20260301_015707.png,300406,2026-03-01T01:57:08.275Z,.png
gdrive:OCR_annotation_Atlas/vps_outputs,debug_episode_failure_20260303_203138.html,283557,2026-03-03T20:31:39.680Z,.html
gdrive:OCR_annotation_Atlas/vps_outputs,debug_episode_failure_20260303_203138.png,318167,2026-03-03T20:31:39.496Z,.png
gdrive:OCR_annotation_Atlas/vps_outputs,debug_episode_failure_20260303_203249.html,283557,2026-03-03T20:32:51.549Z,.html
gdrive:OCR_annotation_Atlas/vps_outputs,debug_episode_failure_20260303_203249.png,348505,2026-03-03T20:32:51.265Z,.png
gdrive:OCR_annotation_Atlas/vps_outputs,debug_episode_failure_20260303_203401.html,283557,2026-03-03T20:34:04.262Z,.html
gdrive:OCR_annotation_Atlas/vps_outputs,debug_episode_failure_20260303_203401.png,343247,2026-03-03T20:34:03.982Z,.png
gdrive:OCR_annotation_Atlas/vps_outputs,debug_episode_failure_20260303_203517.html,283557,2026-03-03T20:35:20.759Z,.html
gdrive:OCR_annotation_Atlas/vps_outputs,debug_episode_failure_20260303_203517.png,330163,2026-03-03T20:35:20.371Z,.png
gdrive:OCR_annotation_Atlas/vps_outputs,debug_failure_20260302_142258.html,39,2026-03-02T14:23:14.056Z,.html
gdrive:OCR_annotation_Atlas/vps_outputs,debug_failure_20260302_142258.png,4253,2026-03-02T14:23:14.048Z,.png
gdrive:OCR_annotation_Atlas/vps_outputs,debug_failure_20260302_142350.html,35314,2026-03-02T14:23:55.493Z,.html
gdrive:OCR_annotation_Atlas/vps_outputs,debug_failure_20260302_142350.png,465026,2026-03-02T14:23:55.457Z,.png
gdrive:OCR_annotation_Atlas/vps_outputs,debug_failure_20260302_142419.html,35314,2026-03-02T14:24:25.189Z,.html
gdrive:OCR_annotation_Atlas/vps_outputs,debug_failure_20260302_142419.png,468501,2026-03-02T14:24:25.165Z,.png
gdrive:OCR_annotation_Atlas/vps_outputs,debug_failure_20260302_142457.html,35194,2026-03-02T14:25:00.406Z,.html
gdrive:OCR_annotation_Atlas/vps_outputs,debug_failure_20260302_142457.png,465540,2026-03-02T14:25:00.382Z,.png
gdrive:OCR_annotation_Atlas/vps_outputs,debug_failure_20260302_142522.html,35314,2026-03-02T14:25:27.438Z,.html
gdrive:OCR_annotation_Atlas/vps_outputs,debug_failure_20260302_142522.png,468119,2026-03-02T14:25:27.418Z,.png
gdrive:OCR_annotation_Atlas/vps_outputs,debug_failure_20260302_142553.html,35543,2026-03-02T14:25:56.159Z,.html
gdrive:OCR_annotation_Atlas/vps_outputs,debug_failure_20260302_142553.png,466265,2026-03-02T14:25:56.131Z,.png
gdrive:OCR_annotation_Atlas/vps_outputs,debug_failure_20260302_142622.html,35203,2026-03-02T14:26:25.015Z,.html
gdrive:OCR_annotation_Atlas/vps_outputs,debug_failure_20260302_142622.png,465964,2026-03-02T14:26:24.991Z,.png
gdrive:OCR_annotation_Atlas/vps_outputs,debug_failure_20260302_142648.html,35323,2026-03-02T14:26:52.344Z,.html
gdrive:OCR_annotation_Atlas/vps_outputs,debug_failure_20260302_142648.png,466868,2026-03-02T14:26:52.316Z,.png
gdrive:OCR_annotation_Atlas/vps_outputs,debug_failure_20260302_142715.html,35194,2026-03-02T14:27:18.264Z,.html
gdrive:OCR_annotation_Atlas/vps_outputs,debug_failure_20260302_142715.png,465919,2026-03-02T14:27:18.248Z,.png
gdrive:OCR_annotation_Atlas/vps_outputs,debug_failure_20260302_142747.html,35664,2026-03-02T14:27:50.752Z,.html
gdrive:OCR_annotation_Atlas/vps_outputs,debug_failure_20260302_142747.png,466094,2026-03-02T14:27:50.732Z,.png
gdrive:OCR_annotation_Atlas/vps_outputs,debug_failure_20260302_142814.html,35194,2026-03-02T14:28:17.533Z,.html
gdrive:OCR_annotation_Atlas/vps_outputs,debug_failure_20260302_142814.png,466040,2026-03-02T14:28:17.509Z,.png
gdrive:OCR_annotation_Atlas/vps_outputs,debug_failure_20260302_142839.html,35314,2026-03-02T14:28:44.865Z,.html
gdrive:OCR_annotation_Atlas/vps_outputs,debug_failure_20260302_142839.png,466120,2026-03-02T14:28:44.841Z,.png
gdrive:OCR_annotation_Atlas/vps_outputs,debug_failure_20260302_142907.html,35784,2026-03-02T14:29:13.346Z,.html
gdrive:OCR_annotation_Atlas/vps_outputs,debug_failure_20260302_142907.png,468834,2026-03-02T14:29:13.318Z,.png
gdrive:OCR_annotation_Atlas/vps_outputs,debug_failure_20260302_142935.html,35314,2026-03-02T14:29:40.786Z,.html
gdrive:OCR_annotation_Atlas/vps_outputs,debug_failure_20260302_142935.png,468119,2026-03-02T14:29:40.766Z,.png
gdrive:OCR_annotation_Atlas/vps_outputs,debug_failure_20260302_144205.html,35194,2026-03-02T14:42:08.118Z,.html
gdrive:OCR_annotation_Atlas/vps_outputs,debug_failure_20260302_144205.png,466103,2026-03-02T14:42:08.074Z,.png
gdrive:OCR_annotation_Atlas/vps_outputs,debug_failure_20260302_144230.html,35313,2026-03-02T14:42:33.194Z,.html
gdrive:OCR_annotation_Atlas/vps_outputs,debug_failure_20260302_144230.png,465587,2026-03-02T14:42:33.166Z,.png
gdrive:OCR_annotation_Atlas/vps_outputs,debug_failure_20260302_144255.html,35194,2026-03-02T14:42:58.511Z,.html
gdrive:OCR_annotation_Atlas/vps_outputs,debug_failure_20260302_144255.png,465919,2026-03-02T14:42:58.487Z,.png
gdrive:OCR_annotation_Atlas/vps_outputs,debug_failure_20260302_144320.html,35194,2026-03-02T14:43:23.351Z,.html
gdrive:OCR_annotation_Atlas/vps_outputs,debug_failure_20260302_144320.png,465528,2026-03-02T14:43:23.323Z,.png
gdrive:OCR_annotation_Atlas/vps_outputs,debug_failure_20260302_144344.html,35314,2026-03-02T14:43:49.819Z,.html
gdrive:OCR_annotation_Atlas/vps_outputs,debug_failure_20260302_144344.png,466543,2026-03-02T14:43:49.803Z,.png
gdrive:OCR_annotation_Atlas/vps_outputs,debug_failure_20260302_144411.html,35194,2026-03-02T14:44:14.940Z,.html
gdrive:OCR_annotation_Atlas/vps_outputs,debug_failure_20260302_144411.png,465659,2026-03-02T14:44:14.920Z,.png
gdrive:OCR_annotation_Atlas/vps_outputs,debug_failure_20260302_144437.html,35314,2026-03-02T14:44:42.380Z,.html
gdrive:OCR_annotation_Atlas/vps_outputs,debug_failure_20260302_144437.png,468754,2026-03-02T14:44:42.352Z,.png
gdrive:OCR_annotation_Atlas/vps_outputs,debug_failure_20260302_145214.html,35315,2026-03-02T14:52:17.876Z,.html
gdrive:OCR_annotation_Atlas/vps_outputs,debug_failure_20260302_145214.png,465963,2026-03-02T14:52:17.848Z,.png
gdrive:OCR_annotation_Atlas/vps_outputs,debug_failure_20260302_145240.html,35433,2026-03-02T14:52:45.816Z,.html
gdrive:OCR_annotation_Atlas/vps_outputs,debug_failure_20260302_145240.png,468724,2026-03-02T14:52:45.788Z,.png
gdrive:OCR_annotation_Atlas/vps_outputs,debug_failure_20260302_145307.html,35314,2026-03-02T14:53:12.361Z,.html
gdrive:OCR_annotation_Atlas/vps_outputs,debug_failure_20260302_145307.png,466694,2026-03-02T14:53:12.329Z,.png
gdrive:OCR_annotation_Atlas/vps_outputs,debug_failure_20260302_145333.html,35194,2026-03-02T14:53:37.293Z,.html
gdrive:OCR_annotation_Atlas/vps_outputs,debug_failure_20260302_145333.png,465666,2026-03-02T14:53:37.281Z,.png
gdrive:OCR_annotation_Atlas/vps_outputs,debug_failure_20260302_145401.html,35314,2026-03-02T14:54:05.274Z,.html
gdrive:OCR_annotation_Atlas/vps_outputs,debug_failure_20260302_145401.png,466214,2026-03-02T14:54:05.250Z,.png
gdrive:OCR_annotation_Atlas/vps_outputs,debug_failure_20260302_145422.html,35314,2026-03-02T14:54:27.422Z,.html
gdrive:OCR_annotation_Atlas/vps_outputs,debug_failure_20260302_145422.png,463806,2026-03-02T14:54:27.382Z,.png
gdrive:OCR_annotation_Atlas/vps_outputs,debug_failure_20260302_145449.html,35314,2026-03-02T14:54:54.667Z,.html
gdrive:OCR_annotation_Atlas/vps_outputs,debug_failure_20260302_145449.png,467295,2026-03-02T14:54:54.639Z,.png
gdrive:OCR_annotation_Atlas/vps_outputs,debug_failure_20260302_145516.html,35194,2026-03-02T14:55:19.995Z,.html
gdrive:OCR_annotation_Atlas/vps_outputs,debug_failure_20260302_145516.png,466149,2026-03-02T14:55:19.967Z,.png
gdrive:OCR_annotation_Atlas/vps_outputs,debug_failure_20260302_145542.html,35313,2026-03-02T14:55:45.316Z,.html
gdrive:OCR_annotation_Atlas/vps_outputs,debug_failure_20260302_145542.png,465865,2026-03-02T14:55:45.296Z,.png
gdrive:OCR_annotation_Atlas/vps_outputs,debug_failure_20260302_145607.html,35314,2026-03-02T14:56:12.428Z,.html
gdrive:OCR_annotation_Atlas/vps_outputs,debug_failure_20260302_145607.png,466696,2026-03-02T14:56:12.408Z,.png
gdrive:OCR_annotation_Atlas/vps_outputs,debug_failure_20260302_170730.html,39,2026-03-02T17:07:30.912Z,.html
gdrive:OCR_annotation_Atlas/vps_outputs,debug_failure_20260302_170730.png,4253,2026-03-02T17:07:30.904Z,.png
gdrive:OCR_annotation_Atlas/vps_outputs,debug_failure_20260303_171455.html,39,2026-03-03T17:14:55.741Z,.html
gdrive:OCR_annotation_Atlas/vps_outputs,debug_failure_20260303_171455.png,4253,2026-03-03T17:14:55.737Z,.png
gdrive:OCR_annotation_Atlas/vps_outputs,debug_failure_20260303_202237.html,36390,2026-03-03T20:22:43.126Z,.html
gdrive:OCR_annotation_Atlas/vps_outputs,debug_failure_20260303_202237.png,466385,2026-03-03T20:22:43.098Z,.png
gdrive:OCR_annotation_Atlas/vps_outputs,debug_failure_20260303_202255.html,36522,2026-03-03T20:23:00.295Z,.html
gdrive:OCR_annotation_Atlas/vps_outputs,debug_failure_20260303_202255.png,468389,2026-03-03T20:23:00.267Z,.png
gdrive:OCR_annotation_Atlas/vps_outputs,debug_failure_20260303_202312.html,36642,2026-03-03T20:23:17.831Z,.html
gdrive:OCR_annotation_Atlas/vps_outputs,debug_failure_20260303_202312.png,466324,2026-03-03T20:23:17.795Z,.png
gdrive:OCR_annotation_Atlas/vps_outputs,debug_failure_20260303_202329.html,36640,2026-03-03T20:23:34.551Z,.html
gdrive:OCR_annotation_Atlas/vps_outputs,debug_failure_20260303_202329.png,468914,2026-03-03T20:23:34.527Z,.png
gdrive:OCR_annotation_Atlas/vps_outputs,debug_failure_20260303_202346.html,35323,2026-03-03T20:23:48.364Z,.html
gdrive:OCR_annotation_Atlas/vps_outputs,debug_failure_20260303_202346.png,463796,2026-03-03T20:23:48.340Z,.png
gdrive:OCR_annotation_Atlas/vps_outputs,debug_failure_20260303_202400.html,36390,2026-03-03T20:24:06.228Z,.html
gdrive:OCR_annotation_Atlas/vps_outputs,debug_failure_20260303_202400.png,468574,2026-03-03T20:24:06.212Z,.png
gdrive:OCR_annotation_Atlas/vps_outputs,debug_failure_20260303_202423.html,36401,2026-03-03T20:24:25.488Z,.html
gdrive:OCR_annotation_Atlas/vps_outputs,debug_failure_20260303_202423.png,465723,2026-03-03T20:24:25.460Z,.png
gdrive:OCR_annotation_Atlas/vps_outputs,debug_failure_20260303_202437.html,36629,2026-03-03T20:24:43.332Z,.html
gdrive:OCR_annotation_Atlas/vps_outputs,debug_failure_20260303_202437.png,466570,2026-03-03T20:24:43.312Z,.png
gdrive:OCR_annotation_Atlas/vps_outputs,debug_failure_20260303_202455.html,36640,2026-03-03T20:25:00.109Z,.html
gdrive:OCR_annotation_Atlas/vps_outputs,debug_failure_20260303_202455.png,468578,2026-03-03T20:25:00.093Z,.png
gdrive:OCR_annotation_Atlas/vps_outputs,debug_failure_20260303_202512.html,36394,2026-03-03T20:25:17.221Z,.html
gdrive:OCR_annotation_Atlas/vps_outputs,debug_failure_20260303_202512.png,468471,2026-03-03T20:25:17.197Z,.png
gdrive:OCR_annotation_Atlas/vps_outputs,debug_failure_20260303_202529.html,36756,2026-03-03T20:25:34.605Z,.html
gdrive:OCR_annotation_Atlas/vps_outputs,debug_failure_20260303_202529.png,466287,2026-03-03T20:25:34.585Z,.png
gdrive:OCR_annotation_Atlas/vps_outputs,debug_failure_20260303_202546.html,36640,2026-03-03T20:25:51.234Z,.html
gdrive:OCR_annotation_Atlas/vps_outputs,debug_failure_20260303_202546.png,464801,2026-03-03T20:25:51.202Z,.png
gdrive:OCR_annotation_Atlas/vps_outputs,debug_failure_20260303_202604.html,36512,2026-03-03T20:26:08.994Z,.html
gdrive:OCR_annotation_Atlas/vps_outputs,debug_failure_20260303_202604.png,468736,2026-03-03T20:26:08.982Z,.png
gdrive:OCR_annotation_Atlas/vps_outputs,debug_failure_20260303_202621.html,36756,2026-03-03T20:26:26.394Z,.html
gdrive:OCR_annotation_Atlas/vps_outputs,debug_failure_20260303_202621.png,466331,2026-03-03T20:26:26.374Z,.png
gdrive:OCR_annotation_Atlas/vps_outputs,debug_failure_20260303_202637.html,36257,2026-03-03T20:26:39.966Z,.html
gdrive:OCR_annotation_Atlas/vps_outputs,debug_failure_20260303_202637.png,465428,2026-03-03T20:26:39.946Z,.png
gdrive:OCR_annotation_Atlas/vps_outputs,debug_failure_20260303_202651.html,36525,2026-03-03T20:26:56.707Z,.html
gdrive:OCR_annotation_Atlas/vps_outputs,debug_failure_20260303_202651.png,468578,2026-03-03T20:26:56.687Z,.png
gdrive:OCR_annotation_Atlas/vps_outputs,debug_failure_20260303_202703.html,36640,2026-03-03T20:27:05.843Z,.html
gdrive:OCR_annotation_Atlas/vps_outputs,debug_failure_20260303_202703.png,465533,2026-03-03T20:27:05.819Z,.png
gdrive:OCR_annotation_Atlas/vps_outputs,debug_failure_20260303_202718.html,36266,2026-03-03T20:27:23.327Z,.html
gdrive:OCR_annotation_Atlas/vps_outputs,debug_failure_20260303_202718.png,468352,2026-03-03T20:27:23.319Z,.png
gdrive:OCR_annotation_Atlas/vps_outputs,debug_failure_20260303_202735.html,36044,2026-03-03T20:27:40.955Z,.html
gdrive:OCR_annotation_Atlas/vps_outputs,debug_failure_20260303_202735.png,466367,2026-03-03T20:27:40.935Z,.png
gdrive:OCR_annotation_Atlas/vps_outputs,debug_failure_20260303_202753.html,36381,2026-03-03T20:27:58.444Z,.html
gdrive:OCR_annotation_Atlas/vps_outputs,debug_failure_20260303_202753.png,468655,2026-03-03T20:27:58.416Z,.png
gdrive:OCR_annotation_Atlas/vps_outputs,debug_failure_20260303_202810.html,36513,2026-03-03T20:28:16.140Z,.html
gdrive:OCR_annotation_Atlas/vps_outputs,debug_failure_20260303_202810.png,468655,2026-03-03T20:28:16.116Z,.png
gdrive:OCR_annotation_Atlas/vps_outputs,debug_failure_20260303_202828.html,36276,2026-03-03T20:28:33.488Z,.html
gdrive:OCR_annotation_Atlas/vps_outputs,debug_failure_20260303_202828.png,468754,2026-03-03T20:28:33.472Z,.png
gdrive:OCR_annotation_Atlas/vps_outputs,debug_failure_20260303_202845.html,36759,2026-03-03T20:28:47.061Z,.html
gdrive:OCR_annotation_Atlas/vps_outputs,debug_failure_20260303_202845.png,465428,2026-03-03T20:28:47.037Z,.png
gdrive:OCR_annotation_Atlas/vps_outputs,debug_failure_20260303_202859.html,36139,2026-03-03T20:29:04.649Z,.html
gdrive:OCR_annotation_Atlas/vps_outputs,debug_failure_20260303_202859.png,466259,2026-03-03T20:29:04.633Z,.png
gdrive:OCR_annotation_Atlas/vps_outputs,debug_failure_20260303_202916.html,36525,2026-03-03T20:29:19.261Z,.html
gdrive:OCR_annotation_Atlas/vps_outputs,debug_failure_20260303_202916.png,465599,2026-03-03T20:29:19.241Z,.png
gdrive:OCR_annotation_Atlas/vps_outputs,debug_failure_20260303_202931.html,36756,2026-03-03T20:29:36.990Z,.html
gdrive:OCR_annotation_Atlas/vps_outputs,debug_failure_20260303_202931.png,468678,2026-03-03T20:29:36.970Z,.png
gdrive:OCR_annotation_Atlas/vps_outputs,debug_failure_20260303_202948.html,36759,2026-03-03T20:29:50.882Z,.html
gdrive:OCR_annotation_Atlas/vps_outputs,debug_failure_20260303_202948.png,465723,2026-03-03T20:29:50.862Z,.png
gdrive:OCR_annotation_Atlas/vps_outputs,drive_uploader.log,166296,2026-03-03T10:15:31.395Z,.log
gdrive:OCR_annotation_Atlas/vps_outputs,feedback_collector.log,40664,2026-03-03T09:50:26.502Z,.log
gdrive:OCR_annotation_Atlas/vps_outputs,gemini_labels_cache_68c3e30b9c65dfc2d3048ba8.json,1597,2026-03-01T21:41:32.308Z,.json
gdrive:OCR_annotation_Atlas/vps_outputs,gemini_labels_cache_68d0fef8c478daa723d5c7c4.json,3545,2026-03-02T03:43:18.391Z,.json
gdrive:OCR_annotation_Atlas/vps_outputs,gemini_labels_cache_68d1a0cd1db0b663a19de134.json,417,2026-03-02T04:12:32.421Z,.json
gdrive:OCR_annotation_Atlas/vps_outputs,gemini_labels_cache_68d30f85593c576a5a68efd9.json,1950,2026-03-02T10:52:14.347Z,.json
gdrive:OCR_annotation_Atlas/vps_outputs,gemini_labels_cache_68d35c45fdc3d72c21722f7b.json,7873,2026-03-01T19:37:51.489Z,.json
gdrive:OCR_annotation_Atlas/vps_outputs,gemini_labels_cache_68d39ac2fe4773b68cdb4b93.json,1871,2026-03-02T22:22:21.853Z,.json
gdrive:OCR_annotation_Atlas/vps_outputs,gemini_labels_cache_68d39b8b12af763ea5dca1db.json,1333,2026-03-02T22:24:45.984Z,.json
gdrive:OCR_annotation_Atlas/vps_outputs,gemini_labels_cache_68d39c343f1af862216a1bd0.json,2697,2026-03-02T22:27:32.212Z,.json
gdrive:OCR_annotation_Atlas/vps_outputs,gemini_labels_cache_68d3aa2f0b15d43c1228eaf5.json,2632,2026-03-01T02:49:48.898Z,.json
gdrive:OCR_annotation_Atlas/vps_outputs,gemini_labels_cache_68d3aa7ccea1f16ac771f495.json,3671,2026-03-03T18:40:37.011Z,.json
gdrive:OCR_annotation_Atlas/vps_outputs,gemini_labels_cache_68d3ab1afe4773b68cdb4bf2.json,1014,2026-03-03T18:22:25.375Z,.json
gdrive:OCR_annotation_Atlas/vps_outputs,gemini_labels_cache_68d3ab2697f1df6e7a965044.json,3255,2026-03-01T03:04:39.125Z,.json
gdrive:OCR_annotation_Atlas/vps_outputs,gemini_labels_cache_68d3ac5e1963191d9d22a66e.json,903,2026-03-03T18:43:51.783Z,.json
gdrive:OCR_annotation_Atlas/vps_outputs,gemini_labels_cache_68d3ac85b13874d8f711f438.json,2952,2026-03-01T03:11:02.631Z,.json
gdrive:OCR_annotation_Atlas/vps_outputs,gemini_labels_cache_68d3acd56bf95e36e4f9bbaa.json,2924,2026-03-03T18:32:52.195Z,.json
gdrive:OCR_annotation_Atlas/vps_outputs,gemini_labels_cache_68d3acfc890039bfd5e5e320.json,3621,2026-03-03T18:02:33.282Z,.json
gdrive:OCR_annotation_Atlas/vps_outputs,gemini_labels_cache_68d3acff347ceea1609f6e3a.json,413,2026-03-01T02:04:55.735Z,.json
gdrive:OCR_annotation_Atlas/vps_outputs,gemini_labels_cache_68d3ad007f1737e822053549.json,2337,2026-03-03T17:34:56.838Z,.json
gdrive:OCR_annotation_Atlas/vps_outputs,gemini_labels_cache_68d3ad130b15d43c1228eb01.json,1006,2026-03-03T18:48:51.321Z,.json
gdrive:OCR_annotation_Atlas/vps_outputs,gemini_labels_cache_68d3ad174d1da7e09284b1b2.json,3717,2026-03-03T18:47:54.153Z,.json
gdrive:OCR_annotation_Atlas/vps_outputs,gemini_labels_cache_68d3ad174d1da7e09284b1b4.json,2602,2026-03-03T17:37:45.521Z,.json
gdrive:OCR_annotation_Atlas/vps_outputs,gemini_labels_cache_68d3ad76ec023a8391120e03.json,3775,2026-03-03T20:46:06.782Z,.json
gdrive:OCR_annotation_Atlas/vps_outputs,gemini_labels_cache_68d3ae39e2c97de26e76bbd7.json,1266,2026-03-03T19:00:11.121Z,.json
gdrive:OCR_annotation_Atlas/vps_outputs,gemini_labels_cache_68d3afbaea7baff78e2dc456.json,7189,2026-03-03T20:55:42.436Z,.json
gdrive:OCR_annotation_Atlas/vps_outputs,gemini_labels_cache_68d3c4ff6427d8caac511a05.json,5643,2026-03-02T20:29:41.559Z,.json
gdrive:OCR_annotation_Atlas/vps_outputs,gemini_labels_cache_68d3e6eb362d1163a3b9b00d.json,2218,2026-03-01T20:42:46.884Z,.json
gdrive:OCR_annotation_Atlas/vps_outputs,gemini_labels_cache_68d3eead70ac33bcc29e1356.json,1427,2026-03-01T19:09:01.293Z,.json
gdrive:OCR_annotation_Atlas/vps_outputs,gemini_labels_cache_68e4257a9cb02005c13e8884.json,2183,2026-03-01T21:08:40.680Z,.json
gdrive:OCR_annotation_Atlas/vps_outputs,gemini_labels_cache_68e498ba6f2a74ef264625dd.json,1445,2026-03-02T17:10:42.932Z,.json
gdrive:OCR_annotation_Atlas/vps_outputs,gemini_labels_cache_68e4f53dbfd0dfda602b8d9c.json,2576,2026-03-02T15:13:25.527Z,.json
gdrive:OCR_annotation_Atlas/vps_outputs,gemini_labels_cache_68e519054c9873a9c57ee7fd.json,775,2026-03-01T20:13:49.329Z,.json
gdrive:OCR_annotation_Atlas/vps_outputs,gemini_labels_cache_68e5d0d1ce7653727f25b629.json,730,2026-03-02T13:55:13.950Z,.json
gdrive:OCR_annotation_Atlas/vps_outputs,gemini_labels_cache_68ec160017db5b282f28d2b5.json,2893,2026-03-02T05:42:40.367Z,.json
gdrive:OCR_annotation_Atlas/vps_outputs,gemini_labels_cache_68ed506e3b627f6f68ebbc4d.json,810,2026-03-02T11:23:01.847Z,.json
gdrive:OCR_annotation_Atlas/vps_outputs,gemini_labels_cache_68ede6a6586e7135d292faed.json,2891,2026-03-01T03:27:00.400Z,.json
gdrive:OCR_annotation_Atlas/vps_outputs,gemini_labels_cache_68ee393412fd60d4a9f62ea2.json,754,2026-03-02T03:29:34.785Z,.json
gdrive:OCR_annotation_Atlas/vps_outputs,gemini_labels_cache_68ee490d6bfd986fe41dd629.json,1669,2026-03-01T03:17:28.786Z,.json
gdrive:OCR_annotation_Atlas/vps_outputs,gemini_labels_cache_68ef2600601bafe52cb91939.json,2774,2026-03-02T06:13:18.693Z,.json
gdrive:OCR_annotation_Atlas/vps_outputs,gemini_labels_cache_68f118af1b68a1ca92cdbbab.json,2130,2026-03-02T10:14:10.100Z,.json
gdrive:OCR_annotation_Atlas/vps_outputs,gemini_labels_cache_69021185be3352e9dac4f0f5.json,2721,2026-03-02T16:27:12.381Z,.json
gdrive:OCR_annotation_Atlas/vps_outputs,gemini_labels_cache_6904f0758c22f3ad8e0eb763.json,3059,2026-03-02T11:57:05.922Z,.json
gdrive:OCR_annotation_Atlas/vps_outputs,gemini_labels_cache_6905e467ee733de8fa093459.json,8372,2026-03-01T03:36:55.110Z,.json
gdrive:OCR_annotation_Atlas/vps_outputs,gemini_labels_cache_6905f7eca3a82ea8d441234f.json,4083,2026-03-01T19:29:11.873Z,.json
gdrive:OCR_annotation_Atlas/vps_outputs,gemini_labels_cache_69082934f0007cf1f6d812a7.json,7259,2026-03-02T10:29:09.643Z,.json
gdrive:OCR_annotation_Atlas/vps_outputs,gemini_labels_cache_6908d690f0007cf1f6d8159f.json,2215,2026-03-02T05:11:47.698Z,.json
gdrive:OCR_annotation_Atlas/vps_outputs,gemini_labels_cache_69098dc9282bb77a7d002d82.json,4902,2026-03-01T06:26:43.821Z,.json
gdrive:OCR_annotation_Atlas/vps_outputs,gemini_labels_cache_69098de0b37a848b0dbe6a9c.json,3614,2026-03-01T06:31:11.788Z,.json
gdrive:OCR_annotation_Atlas/vps_outputs,gemini_labels_cache_69098dff4cd6726de4c80eab.json,2383,2026-03-01T06:39:11.152Z,.json
gdrive:OCR_annotation_Atlas/vps_outputs,gemini_labels_cache_690a8a6f538a7cca5e997136.json,2881,2026-03-01T15:53:32.492Z,.json
gdrive:OCR_annotation_Atlas/vps_outputs,gemini_labels_cache_690a9b97853b6b424405afe3.json,422,2026-03-01T15:56:17.343Z,.json
gdrive:OCR_annotation_Atlas/vps_outputs,gemini_labels_cache_690ab1af18d79283b2c20958.json,7672,2026-03-01T16:14:00.571Z,.json
gdrive:OCR_annotation_Atlas/vps_outputs,gemini_labels_cache_690ad0c8552c14c3b6efcbdc.json,2333,2026-03-01T17:25:11.438Z,.json
gdrive:OCR_annotation_Atlas/vps_outputs,gemini_labels_cache_690ad0c8552c14c3b6efcbdd.json,2546,2026-03-01T17:28:06.101Z,.json
gdrive:OCR_annotation_Atlas/vps_outputs,gemini_labels_cache_690b0e6331b0109311678ae8.json,2268,2026-03-01T19:12:45.610Z,.json
gdrive:OCR_annotation_Atlas/vps_outputs,gemini_usage.jsonl,594,2026-03-02T22:27:32.208Z,.jsonl
gdrive:OCR_annotation_Atlas/vps_outputs,labels_68c3e30b9c65dfc2d3048ba8.json,1597,2026-03-01T21:41:32.320Z,.json
gdrive:OCR_annotation_Atlas/vps_outputs,labels_68d0fef8c478daa723d5c7c4.json,3545,2026-03-02T03:43:18.435Z,.json
gdrive:OCR_annotation_Atlas/vps_outputs,labels_68d1a0cd1db0b663a19de134.json,417,2026-03-02T04:12:32.425Z,.json
gdrive:OCR_annotation_Atlas/vps_outputs,labels_68d30f85593c576a5a68efd9.json,1950,2026-03-02T10:52:14.351Z,.json
gdrive:OCR_annotation_Atlas/vps_outputs,labels_68d35c45fdc3d72c21722f7b.json,7873,2026-03-01T19:39:48.786Z,.json
gdrive:OCR_annotation_Atlas/vps_outputs,labels_68d39ac2fe4773b68cdb4b93.json,1871,2026-03-02T22:22:21.857Z,.json
gdrive:OCR_annotation_Atlas/vps_outputs,labels_68d39b8b12af763ea5dca1db.json,1333,2026-03-02T22:24:45.988Z,.json
gdrive:OCR_annotation_Atlas/vps_outputs,labels_68d39c343f1af862216a1bd0.json,2697,2026-03-02T22:29:21.078Z,.json
gdrive:OCR_annotation_Atlas/vps_outputs,labels_68d3aa2f0b15d43c1228eaf5.json,2632,2026-03-01T02:49:48.898Z,.json
gdrive:OCR_annotation_Atlas/vps_outputs,labels_68d3aa7ccea1f16ac771f495.json,3671,2026-03-03T18:40:37.019Z,.json
gdrive:OCR_annotation_Atlas/vps_outputs,labels_68d3ab1afe4773b68cdb4bf2.json,1014,2026-03-03T18:22:25.379Z,.json
gdrive:OCR_annotation_Atlas/vps_outputs,labels_68d3ab2697f1df6e7a965044.json,3255,2026-03-01T03:04:51.585Z,.json
gdrive:OCR_annotation_Atlas/vps_outputs,labels_68d3ac5e1963191d9d22a66e.json,903,2026-03-03T18:43:51.835Z,.json
gdrive:OCR_annotation_Atlas/vps_outputs,labels_68d3ac85b13874d8f711f438.json,2952,2026-03-01T03:11:32.600Z,.json
gdrive:OCR_annotation_Atlas/vps_outputs,labels_68d3acd56bf95e36e4f9bbaa.json,2924,2026-03-03T18:32:52.199Z,.json
gdrive:OCR_annotation_Atlas/vps_outputs,labels_68d3acfc890039bfd5e5e320.json,3621,2026-03-03T18:02:33.406Z,.json
gdrive:OCR_annotation_Atlas/vps_outputs,labels_68d3acff347ceea1609f6e3a.json,413,2026-03-01T02:04:55.739Z,.json
gdrive:OCR_annotation_Atlas/vps_outputs,labels_68d3ad007f1737e822053549.json,2337,2026-03-03T17:34:56.854Z,.json
gdrive:OCR_annotation_Atlas/vps_outputs,labels_68d3ad130b15d43c1228eb01.json,1006,2026-03-03T18:48:51.325Z,.json
gdrive:OCR_annotation_Atlas/vps_outputs,labels_68d3ad174d1da7e09284b1b2.json,3717,2026-03-03T18:47:54.165Z,.json
gdrive:OCR_annotation_Atlas/vps_outputs,labels_68d3ad174d1da7e09284b1b4.json,2602,2026-03-03T17:37:45.529Z,.json
gdrive:OCR_annotation_Atlas/vps_outputs,labels_68d3ad76ec023a8391120e03.json,3775,2026-03-03T20:47:36.000Z,.json
gdrive:OCR_annotation_Atlas/vps_outputs,labels_68d3ae39e2c97de26e76bbd7.json,1266,2026-03-03T19:00:11.125Z,.json
gdrive:OCR_annotation_Atlas/vps_outputs,labels_68d3afbaea7baff78e2dc456.json,7189,2026-03-03T20:55:42.556Z,.json
gdrive:OCR_annotation_Atlas/vps_outputs,labels_68d3c4ff6427d8caac511a05.json,5643,2026-03-02T20:29:41.571Z,.json
gdrive:OCR_annotation_Atlas/vps_outputs,labels_68d3e6eb362d1163a3b9b00d.json,2218,2026-03-01T20:43:09.076Z,.json
gdrive:OCR_annotation_Atlas/vps_outputs,labels_68d3eead70ac33bcc29e1356.json,1427,2026-03-01T19:09:32.754Z,.json
gdrive:OCR_annotation_Atlas/vps_outputs,labels_68e4257a9cb02005c13e8884.json,2183,2026-03-01T21:08:40.684Z,.json
gdrive:OCR_annotation_Atlas/vps_outputs,labels_68e498ba6f2a74ef264625dd.json,1445,2026-03-02T17:10:42.936Z,.json
gdrive:OCR_annotation_Atlas/vps_outputs,labels_68e4f53dbfd0dfda602b8d9c.json,2576,2026-03-02T15:13:25.531Z,.json
gdrive:OCR_annotation_Atlas/vps_outputs,labels_68e519054c9873a9c57ee7fd.json,775,2026-03-01T20:13:59.721Z,.json
gdrive:OCR_annotation_Atlas/vps_outputs,labels_68e5d0d1ce7653727f25b629.json,730,2026-03-02T13:55:13.954Z,.json
gdrive:OCR_annotation_Atlas/vps_outputs,labels_68ec160017db5b282f28d2b5.json,2893,2026-03-02T05:42:40.371Z,.json
gdrive:OCR_annotation_Atlas/vps_outputs,labels_68ed506e3b627f6f68ebbc4d.json,810,2026-03-02T11:23:01.851Z,.json
gdrive:OCR_annotation_Atlas/vps_outputs,labels_68ede6a6586e7135d292faed.json,2891,2026-03-01T03:27:00.416Z,.json
gdrive:OCR_annotation_Atlas/vps_outputs,labels_68ee393412fd60d4a9f62ea2.json,754,2026-03-02T03:29:34.789Z,.json
gdrive:OCR_annotation_Atlas/vps_outputs,labels_68ee490d6bfd986fe41dd629.json,1669,2026-03-01T03:17:28.834Z,.json
gdrive:OCR_annotation_Atlas/vps_outputs,labels_68ef2600601bafe52cb91939.json,2774,2026-03-02T06:13:18.697Z,.json
gdrive:OCR_annotation_Atlas/vps_outputs,labels_68f118af1b68a1ca92cdbbab.json,2130,2026-03-02T10:14:10.104Z,.json
gdrive:OCR_annotation_Atlas/vps_outputs,labels_69021185be3352e9dac4f0f5.json,2721,2026-03-02T16:35:33.934Z,.json
gdrive:OCR_annotation_Atlas/vps_outputs,labels_6904f0758c22f3ad8e0eb763.json,3059,2026-03-02T11:57:05.938Z,.json
gdrive:OCR_annotation_Atlas/vps_outputs,labels_6905e467ee733de8fa093459.json,8372,2026-03-01T03:39:21.784Z,.json
gdrive:OCR_annotation_Atlas/vps_outputs,labels_69082934f0007cf1f6d812a7.json,7259,2026-03-02T10:29:09.659Z,.json
gdrive:OCR_annotation_Atlas/vps_outputs,labels_6908d690f0007cf1f6d8159f.json,2215,2026-03-02T05:11:47.714Z,.json
gdrive:OCR_annotation_Atlas/vps_outputs,labels_69098dc9282bb77a7d002d82.json,4902,2026-03-01T06:26:43.833Z,.json
gdrive:OCR_annotation_Atlas/vps_outputs,labels_69098de0b37a848b0dbe6a9c.json,3614,2026-03-01T06:31:34.073Z,.json
gdrive:OCR_annotation_Atlas/vps_outputs,labels_69098dff4cd6726de4c80eab.json,2383,2026-03-01T06:39:11.156Z,.json
gdrive:OCR_annotation_Atlas/vps_outputs,labels_690a8a6f538a7cca5e997136.json,2881,2026-03-01T15:53:32.504Z,.json
gdrive:OCR_annotation_Atlas/vps_outputs,labels_690a9b97853b6b424405afe3.json,422,2026-03-01T15:56:17.347Z,.json
gdrive:OCR_annotation_Atlas/vps_outputs,labels_690ab1af18d79283b2c20958.json,7672,2026-03-01T16:14:00.647Z,.json
gdrive:OCR_annotation_Atlas/vps_outputs,labels_690ad0c8552c14c3b6efcbdc.json,2333,2026-03-01T17:25:11.442Z,.json
gdrive:OCR_annotation_Atlas/vps_outputs,labels_690ad0c8552c14c3b6efcbdd.json,2546,2026-03-01T17:28:06.117Z,.json
gdrive:OCR_annotation_Atlas/vps_outputs,labels_690b0e6331b0109311678ae8.json,2268,2026-03-01T19:13:23.918Z,.json
gdrive:OCR_annotation_Atlas/vps_outputs,manual_run.log,12522,2026-03-01T06:41:06.802Z,.log
gdrive:OCR_annotation_Atlas/vps_outputs,prompt_68c3e30b9c65dfc2d3048ba8.txt,3669,2026-03-01T21:41:32.320Z,.txt
gdrive:OCR_annotation_Atlas/vps_outputs,prompt_68d0fef8c478daa723d5c7c4.txt,4572,2026-03-02T03:43:18.435Z,.txt
gdrive:OCR_annotation_Atlas/vps_outputs,prompt_68d1a0cd1db0b663a19de134.txt,2198,2026-03-02T04:12:32.421Z,.txt
gdrive:OCR_annotation_Atlas/vps_outputs,prompt_68d30f85593c576a5a68efd9.txt,3942,2026-03-02T10:52:14.351Z,.txt
gdrive:OCR_annotation_Atlas/vps_outputs,prompt_68d35c45fdc3d72c21722f7b.txt,6049,2026-03-01T19:39:48.782Z,.txt
gdrive:OCR_annotation_Atlas/vps_outputs,prompt_68d39ac2fe4773b68cdb4b93.txt,3796,2026-03-02T22:22:21.857Z,.txt
gdrive:OCR_annotation_Atlas/vps_outputs,prompt_68d39b8b12af763ea5dca1db.txt,2806,2026-03-02T22:24:45.988Z,.txt
gdrive:OCR_annotation_Atlas/vps_outputs,prompt_68d39c343f1af862216a1bd0.txt,6486,2026-03-02T22:29:21.066Z,.txt
gdrive:OCR_annotation_Atlas/vps_outputs,prompt_68d3aa2f0b15d43c1228eaf5.txt,4884,2026-03-01T02:49:48.898Z,.txt
gdrive:OCR_annotation_Atlas/vps_outputs,prompt_68d3aa7ccea1f16ac771f495.txt,5702,2026-03-03T18:40:37.019Z,.txt
gdrive:OCR_annotation_Atlas/vps_outputs,prompt_68d3ab1afe4773b68cdb4bf2.txt,2354,2026-03-03T18:22:25.379Z,.txt
gdrive:OCR_annotation_Atlas/vps_outputs,prompt_68d3ab2697f1df6e7a965044.txt,5645,2026-03-01T03:04:51.585Z,.txt
gdrive:OCR_annotation_Atlas/vps_outputs,prompt_68d3ac5e1963191d9d22a66e.txt,2367,2026-03-03T18:43:51.835Z,.txt
gdrive:OCR_annotation_Atlas/vps_outputs,prompt_68d3ac85b13874d8f711f438.txt,4787,2026-03-01T03:11:32.600Z,.txt
gdrive:OCR_annotation_Atlas/vps_outputs,prompt_68d3acd56bf95e36e4f9bbaa.txt,3680,2026-03-03T18:32:52.199Z,.txt
gdrive:OCR_annotation_Atlas/vps_outputs,prompt_68d3acfc890039bfd5e5e320.txt,6852,2026-03-03T18:02:33.402Z,.txt
gdrive:OCR_annotation_Atlas/vps_outputs,prompt_68d3acff347ceea1609f6e3a.txt,2411,2026-03-01T02:04:55.739Z,.txt
gdrive:OCR_annotation_Atlas/vps_outputs,prompt_68d3ad007f1737e822053549.txt,3313,2026-03-03T17:34:56.850Z,.txt
gdrive:OCR_annotation_Atlas/vps_outputs,prompt_68d3ad130b15d43c1228eb01.txt,2799,2026-03-03T18:48:51.325Z,.txt
gdrive:OCR_annotation_Atlas/vps_outputs,prompt_68d3ad174d1da7e09284b1b2.txt,4473,2026-03-03T18:47:54.165Z,.txt
gdrive:OCR_annotation_Atlas/vps_outputs,prompt_68d3ad174d1da7e09284b1b4.txt,3988,2026-03-03T17:37:45.525Z,.txt
gdrive:OCR_annotation_Atlas/vps_outputs,prompt_68d3ad76ec023a8391120e03.txt,6219,2026-03-03T20:47:36.000Z,.txt
gdrive:OCR_annotation_Atlas/vps_outputs,prompt_68d3ae39e2c97de26e76bbd7.txt,2810,2026-03-03T19:00:11.125Z,.txt
gdrive:OCR_annotation_Atlas/vps_outputs,prompt_68d3afbaea7baff78e2dc456.txt,10984,2026-03-03T20:55:42.540Z,.txt
gdrive:OCR_annotation_Atlas/vps_outputs,prompt_68d3c4ff6427d8caac511a05.txt,9338,2026-03-02T20:29:41.571Z,.txt
gdrive:OCR_annotation_Atlas/vps_outputs,prompt_68d3e6eb362d1163a3b9b00d.txt,4055,2026-03-01T20:43:09.076Z,.txt
gdrive:OCR_annotation_Atlas/vps_outputs,prompt_68d3eead70ac33bcc29e1356.txt,2571,2026-03-01T19:09:32.754Z,.txt
gdrive:OCR_annotation_Atlas/vps_outputs,prompt_68e4257a9cb02005c13e8884.txt,4543,2026-03-01T21:08:40.684Z,.txt
gdrive:OCR_annotation_Atlas/vps_outputs,prompt_68e498ba6f2a74ef264625dd.txt,2647,2026-03-02T17:10:42.936Z,.txt
gdrive:OCR_annotation_Atlas/vps_outputs,prompt_68e4f53dbfd0dfda602b8d9c.txt,3545,2026-03-02T15:13:25.531Z,.txt
gdrive:OCR_annotation_Atlas/vps_outputs,prompt_68e519054c9873a9c57ee7fd.txt,2383,2026-03-01T20:13:59.721Z,.txt
gdrive:OCR_annotation_Atlas/vps_outputs,prompt_68e5d0d1ce7653727f25b629.txt,2527,2026-03-02T13:55:13.954Z,.txt
gdrive:OCR_annotation_Atlas/vps_outputs,prompt_68ec160017db5b282f28d2b5.txt,3774,2026-03-02T05:42:40.371Z,.txt
gdrive:OCR_annotation_Atlas/vps_outputs,prompt_68ed506e3b627f6f68ebbc4d.txt,2360,2026-03-02T11:23:01.851Z,.txt
gdrive:OCR_annotation_Atlas/vps_outputs,prompt_68ede6a6586e7135d292faed.txt,4975,2026-03-01T03:27:00.412Z,.txt
gdrive:OCR_annotation_Atlas/vps_outputs,prompt_68ee393412fd60d4a9f62ea2.txt,2638,2026-03-02T03:29:34.789Z,.txt
gdrive:OCR_annotation_Atlas/vps_outputs,prompt_68ee490d6bfd986fe41dd629.txt,3886,2026-03-01T03:17:28.826Z,.txt
gdrive:OCR_annotation_Atlas/vps_outputs,prompt_68ef2600601bafe52cb91939.txt,5240,2026-03-02T06:13:18.693Z,.txt
gdrive:OCR_annotation_Atlas/vps_outputs,prompt_68f118af1b68a1ca92cdbbab.txt,3415,2026-03-02T10:14:10.104Z,.txt
gdrive:OCR_annotation_Atlas/vps_outputs,prompt_69021185be3352e9dac4f0f5.txt,5564,2026-03-02T16:35:33.934Z,.txt
gdrive:OCR_annotation_Atlas/vps_outputs,prompt_6904f0758c22f3ad8e0eb763.txt,5219,2026-03-02T11:57:05.938Z,.txt
gdrive:OCR_annotation_Atlas/vps_outputs,prompt_6905e467ee733de8fa093459.txt,6253,2026-03-01T03:39:21.784Z,.txt
gdrive:OCR_annotation_Atlas/vps_outputs,prompt_69082934f0007cf1f6d812a7.txt,8729,2026-03-02T10:29:09.651Z,.txt
gdrive:OCR_annotation_Atlas/vps_outputs,prompt_6908d690f0007cf1f6d8159f.txt,4544,2026-03-02T05:11:47.714Z,.txt
gdrive:OCR_annotation_Atlas/vps_outputs,prompt_69098dc9282bb77a7d002d82.txt,8092,2026-03-01T06:26:43.833Z,.txt
gdrive:OCR_annotation_Atlas/vps_outputs,prompt_69098de0b37a848b0dbe6a9c.txt,6182,2026-03-01T06:31:34.073Z,.txt
gdrive:OCR_annotation_Atlas/vps_outputs,prompt_69098dff4cd6726de4c80eab.txt,4881,2026-03-01T06:39:11.156Z,.txt
gdrive:OCR_annotation_Atlas/vps_outputs,prompt_690a8a6f538a7cca5e997136.txt,5486,2026-03-01T15:53:32.504Z,.txt
gdrive:OCR_annotation_Atlas/vps_outputs,prompt_690a9b97853b6b424405afe3.txt,2221,2026-03-01T15:56:17.347Z,.txt
gdrive:OCR_annotation_Atlas/vps_outputs,prompt_690ab1af18d79283b2c20958.txt,11788,2026-03-01T16:14:00.647Z,.txt
gdrive:OCR_annotation_Atlas/vps_outputs,prompt_690ad0c8552c14c3b6efcbdc.txt,4918,2026-03-01T17:25:11.442Z,.txt
gdrive:OCR_annotation_Atlas/vps_outputs,prompt_690ad0c8552c14c3b6efcbdd.txt,5517,2026-03-01T17:28:06.117Z,.txt
gdrive:OCR_annotation_Atlas/vps_outputs,prompt_690b0e6331b0109311678ae8.txt,3686,2026-03-01T19:13:23.918Z,.txt
gdrive:OCR_annotation_Atlas/vps_outputs,segments_68c3e30b9c65dfc2d3048ba8.json,2280,2026-03-01T21:41:32.316Z,.json
gdrive:OCR_annotation_Atlas/vps_outputs,segments_68d0fef8c478daa723d5c7c4.json,3577,2026-03-02T03:43:18.431Z,.json
gdrive:OCR_annotation_Atlas/vps_outputs,segments_68d1a0cd1db0b663a19de134.json,543,2026-03-02T04:12:32.421Z,.json
gdrive:OCR_annotation_Atlas/vps_outputs,segments_68d30f85593c576a5a68efd9.json,2707,2026-03-02T10:52:14.351Z,.json
gdrive:OCR_annotation_Atlas/vps_outputs,segments_68d35c45fdc3d72c21722f7b.json,5226,2026-03-01T19:39:48.782Z,.json
gdrive:OCR_annotation_Atlas/vps_outputs,segments_68d39ac2fe4773b68cdb4b93.json,2501,2026-03-02T22:22:21.853Z,.json
gdrive:OCR_annotation_Atlas/vps_outputs,segments_68d39b8b12af763ea5dca1db.json,1271,2026-03-02T22:24:45.988Z,.json
gdrive:OCR_annotation_Atlas/vps_outputs,segments_68d39c343f1af862216a1bd0.json,6091,2026-03-02T22:29:21.042Z,.json
gdrive:OCR_annotation_Atlas/vps_outputs,segments_68d3a8fd4b1c32266ea184ce.json,8504,2026-03-01T01:50:57.009Z,.json
gdrive:OCR_annotation_Atlas/vps_outputs,segments_68d3aa2f0b15d43c1228eaf5.json,4061,2026-03-01T02:49:48.898Z,.json
gdrive:OCR_annotation_Atlas/vps_outputs,segments_68d3aa7ccea1f16ac771f495.json,5307,2026-03-03T18:40:37.019Z,.json
gdrive:OCR_annotation_Atlas/vps_outputs,segments_68d3ab1afe4773b68cdb4bf2.json,699,2026-03-03T18:22:25.379Z,.json
gdrive:OCR_annotation_Atlas/vps_outputs,segments_68d3ab2697f1df6e7a965044.json,5002,2026-03-01T03:04:51.585Z,.json
gdrive:OCR_annotation_Atlas/vps_outputs,segments_68d3ac5e1963191d9d22a66e.json,772,2026-03-03T18:43:51.823Z,.json
gdrive:OCR_annotation_Atlas/vps_outputs,segments_68d3ac85b13874d8f711f438.json,3844,2026-03-01T03:11:32.600Z,.json
gdrive:OCR_annotation_Atlas/vps_outputs,segments_68d3acd56bf95e36e4f9bbaa.json,2505,2026-03-03T18:32:52.199Z,.json
gdrive:OCR_annotation_Atlas/vps_outputs,segments_68d3acfc890039bfd5e5e320.json,6577,2026-03-03T18:02:33.402Z,.json
gdrive:OCR_annotation_Atlas/vps_outputs,segments_68d3acff347ceea1609f6e3a.json,628,2026-03-01T02:04:55.739Z,.json
gdrive:OCR_annotation_Atlas/vps_outputs,segments_68d3ad007f1737e822053549.json,2018,2026-03-03T17:34:56.842Z,.json
gdrive:OCR_annotation_Atlas/vps_outputs,segments_68d3ad130b15d43c1228eb01.json,1204,2026-03-03T18:48:51.325Z,.json
gdrive:OCR_annotation_Atlas/vps_outputs,segments_68d3ad174d1da7e09284b1b2.json,3478,2026-03-03T18:47:54.165Z,.json
gdrive:OCR_annotation_Atlas/vps_outputs,segments_68d3ad174d1da7e09284b1b4.json,2873,2026-03-03T17:37:45.525Z,.json
gdrive:OCR_annotation_Atlas/vps_outputs,segments_68d3ad76ec023a8391120e03.json,5824,2026-03-03T20:47:35.992Z,.json
gdrive:OCR_annotation_Atlas/vps_outputs,segments_68d3ae39e2c97de26e76bbd7.json,1395,2026-03-03T19:00:11.125Z,.json
gdrive:OCR_annotation_Atlas/vps_outputs,segments_68d3afbaea7baff78e2dc456.json,11969,2026-03-03T20:55:42.500Z,.json
gdrive:OCR_annotation_Atlas/vps_outputs,segments_68d3c4ff6427d8caac511a05.json,9543,2026-03-02T20:29:41.571Z,.json
gdrive:OCR_annotation_Atlas/vps_outputs,segments_68d3e6eb362d1163a3b9b00d.json,2872,2026-03-01T20:43:09.068Z,.json
gdrive:OCR_annotation_Atlas/vps_outputs,segments_68d3eead70ac33bcc29e1356.json,848,2026-03-01T19:09:32.754Z,.json
gdrive:OCR_annotation_Atlas/vps_outputs,segments_68e4257a9cb02005c13e8884.json,3394,2026-03-01T21:08:40.684Z,.json
gdrive:OCR_annotation_Atlas/vps_outputs,segments_68e498ba6f2a74ef264625dd.json,1112,2026-03-02T17:10:42.936Z,.json
gdrive:OCR_annotation_Atlas/vps_outputs,segments_68e4f53dbfd0dfda602b8d9c.json,2490,2026-03-02T15:13:25.531Z,.json
gdrive:OCR_annotation_Atlas/vps_outputs,segments_68e519054c9873a9c57ee7fd.json,660,2026-03-01T20:13:59.721Z,.json
gdrive:OCR_annotation_Atlas/vps_outputs,segments_68e5d0d1ce7653727f25b629.json,932,2026-03-02T13:55:13.954Z,.json
gdrive:OCR_annotation_Atlas/vps_outputs,segments_68ec160017db5b282f28d2b5.json,2539,2026-03-02T05:42:40.371Z,.json
gdrive:OCR_annotation_Atlas/vps_outputs,segments_68ed506e3b627f6f68ebbc4d.json,765,2026-03-02T11:23:01.847Z,.json
gdrive:OCR_annotation_Atlas/vps_outputs,segments_68ede6a6586e7135d292faed.json,4306,2026-03-01T03:27:00.412Z,.json
gdrive:OCR_annotation_Atlas/vps_outputs,segments_68ee393412fd60d4a9f62ea2.json,1103,2026-03-02T03:29:34.785Z,.json
gdrive:OCR_annotation_Atlas/vps_outputs,segments_68ee490d6bfd986fe41dd629.json,2557,2026-03-01T03:17:28.790Z,.json
gdrive:OCR_annotation_Atlas/vps_outputs,segments_68ef2600601bafe52cb91939.json,4245,2026-03-02T06:13:18.693Z,.json
gdrive:OCR_annotation_Atlas/vps_outputs,segments_68f118af1b68a1ca92cdbbab.json,2120,2026-03-02T10:14:10.104Z,.json
gdrive:OCR_annotation_Atlas/vps_outputs,segments_69021185be3352e9dac4f0f5.json,5049,2026-03-02T16:35:33.914Z,.json
gdrive:OCR_annotation_Atlas/vps_outputs,segments_6904f0758c22f3ad8e0eb763.json,4524,2026-03-02T11:57:05.938Z,.json
gdrive:OCR_annotation_Atlas/vps_outputs,segments_6905e467ee733de8fa093459.json,5610,2026-03-01T03:39:21.784Z,.json
gdrive:OCR_annotation_Atlas/vps_outputs,segments_69082934f0007cf1f6d812a7.json,9234,2026-03-02T10:29:09.651Z,.json
gdrive:OCR_annotation_Atlas/vps_outputs,segments_6908d690f0007cf1f6d8159f.json,3489,2026-03-02T05:11:47.714Z,.json
gdrive:OCR_annotation_Atlas/vps_outputs,segments_69098dc9282bb77a7d002d82.json,8289,2026-03-01T06:26:43.833Z,.json
gdrive:OCR_annotation_Atlas/vps_outputs,segments_69098de0b37a848b0dbe6a9c.json,5599,2026-03-01T06:31:34.069Z,.json
gdrive:OCR_annotation_Atlas/vps_outputs,segments_69098dff4cd6726de4c80eab.json,3792,2026-03-01T06:39:11.156Z,.json
gdrive:OCR_annotation_Atlas/vps_outputs,segments_690a8a6f538a7cca5e997136.json,4723,2026-03-01T15:53:32.504Z,.json
gdrive:OCR_annotation_Atlas/vps_outputs,segments_690a9b97853b6b424405afe3.json,438,2026-03-01T15:56:17.347Z,.json
gdrive:OCR_annotation_Atlas/vps_outputs,segments_690ab1af18d79283b2c20958.json,13065,2026-03-01T16:14:00.643Z,.json
gdrive:OCR_annotation_Atlas/vps_outputs,segments_690ad0c8552c14c3b6efcbdc.json,3769,2026-03-01T17:25:11.442Z,.json
gdrive:OCR_annotation_Atlas/vps_outputs,segments_690ad0c8552c14c3b6efcbdd.json,4694,2026-03-01T17:28:06.113Z,.json
gdrive:OCR_annotation_Atlas/vps_outputs,segments_690b0e6331b0109311678ae8.json,2323,2026-03-01T19:13:23.918Z,.json
gdrive:OCR_annotation_Atlas/vps_outputs,solver_service.err.log,0,2026-03-03T20:57:49.786Z,.log
gdrive:OCR_annotation_Atlas/vps_outputs,solver_service.log,1584,2026-03-03T10:18:12.321Z,.log
gdrive:OCR_annotation_Atlas/vps_outputs,task_state_68c3e30b9c65dfc2d3048ba8.json,218,2026-03-01T21:42:41.066Z,.json
gdrive:OCR_annotation_Atlas/vps_outputs,task_state_68c4c977a47400ee5191cf00.json,218,2026-03-01T20:27:15.441Z,.json
gdrive:OCR_annotation_Atlas/vps_outputs,task_state_68c9c68c4fbca794d0c8ae14.json,218,2026-03-02T03:37:52.185Z,.json
gdrive:OCR_annotation_Atlas/vps_outputs,task_state_68d1a0cd1db0b663a19de134.json,218,2026-03-02T04:12:56.118Z,.json
gdrive:OCR_annotation_Atlas/vps_outputs,task_state_68d30f85593c576a5a68efd9.json,218,2026-03-02T10:53:54.616Z,.json
gdrive:OCR_annotation_Atlas/vps_outputs,task_state_68d35c45fdc3d72c21722f7b.json,218,2026-03-01T19:43:28.093Z,.json
gdrive:OCR_annotation_Atlas/vps_outputs,task_state_68d391c0abe45bf80b226925.json,218,2026-03-02T13:44:32.196Z,.json
gdrive:OCR_annotation_Atlas/vps_outputs,task_state_68d39ac2fe4773b68cdb4b93.json,218,2026-03-02T22:23:45.871Z,.json
gdrive:OCR_annotation_Atlas/vps_outputs,task_state_68d39b8b12af763ea5dca1db.json,218,2026-03-02T22:25:32.565Z,.json
gdrive:OCR_annotation_Atlas/vps_outputs,task_state_68d3a85c2b641f84dc1d04e8.json,219,2026-03-01T20:07:43.501Z,.json
gdrive:OCR_annotation_Atlas/vps_outputs,task_state_68d3a8fd4b1c32266ea184ce.json,225,2026-03-01T01:57:08.419Z,.json
gdrive:OCR_annotation_Atlas/vps_outputs,task_state_68d3aa2f0b15d43c1228eaf5.json,162,2026-03-01T02:53:01.369Z,.json
gdrive:OCR_annotation_Atlas/vps_outputs,task_state_68d3aa7ccea1f16ac771f495.json,218,2026-03-03T18:43:06.486Z,.json
gdrive:OCR_annotation_Atlas/vps_outputs,task_state_68d3ab1afe4773b68cdb4bf2.json,218,2026-03-03T18:22:59.719Z,.json
gdrive:OCR_annotation_Atlas/vps_outputs,task_state_68d3ab2697f1df6e7a965044.json,163,2026-03-01T03:09:13.217Z,.json
gdrive:OCR_annotation_Atlas/vps_outputs,task_state_68d3ac5e1963191d9d22a66e.json,218,2026-03-03T18:44:12.843Z,.json
gdrive:OCR_annotation_Atlas/vps_outputs,task_state_68d3ac85b13874d8f711f438.json,162,2026-03-01T03:13:38.462Z,.json
gdrive:OCR_annotation_Atlas/vps_outputs,task_state_68d3acd56bf95e36e4f9bbaa.json,218,2026-03-03T18:34:11.620Z,.json
gdrive:OCR_annotation_Atlas/vps_outputs,task_state_68d3acfc890039bfd5e5e320.json,218,2026-03-03T18:07:53.411Z,.json
gdrive:OCR_annotation_Atlas/vps_outputs,task_state_68d3acff347ceea1609f6e3a.json,137,2026-03-01T02:04:55.743Z,.json
gdrive:OCR_annotation_Atlas/vps_outputs,task_state_68d3ad007f1737e822053549.json,218,2026-03-03T17:36:23.087Z,.json
gdrive:OCR_annotation_Atlas/vps_outputs,task_state_68d3ad130b15d43c1228eb01.json,218,2026-03-03T18:50:01.158Z,.json
gdrive:OCR_annotation_Atlas/vps_outputs,task_state_68d3ad174d1da7e09284b1b2.json,137,2026-03-03T18:47:54.177Z,.json
gdrive:OCR_annotation_Atlas/vps_outputs,task_state_68d3ad174d1da7e09284b1b4.json,218,2026-03-03T17:39:30.070Z,.json
gdrive:OCR_annotation_Atlas/vps_outputs,task_state_68d3ad76ec023a8391120e03.json,311,2026-03-03T20:51:37.812Z,.json
gdrive:OCR_annotation_Atlas/vps_outputs,task_state_68d3ae39e2c97de26e76bbd7.json,218,2026-03-03T19:01:09.186Z,.json
gdrive:OCR_annotation_Atlas/vps_outputs,task_state_68d3afbaea7baff78e2dc456.json,163,2026-03-03T20:55:42.584Z,.json
gdrive:OCR_annotation_Atlas/vps_outputs,task_state_68d3c4ff6427d8caac511a05.json,163,2026-03-02T20:29:41.591Z,.json
gdrive:OCR_annotation_Atlas/vps_outputs,task_state_68d3e6eb362d1163a3b9b00d.json,219,2026-03-01T20:44:49.874Z,.json
gdrive:OCR_annotation_Atlas/vps_outputs,task_state_68d3eead70ac33bcc29e1356.json,218,2026-03-01T19:10:04.722Z,.json
gdrive:OCR_annotation_Atlas/vps_outputs,task_state_68e4257a9cb02005c13e8884.json,218,2026-03-01T21:09:47.213Z,.json
gdrive:OCR_annotation_Atlas/vps_outputs,task_state_68e498ba6f2a74ef264625dd.json,218,2026-03-02T17:11:14.980Z,.json
gdrive:OCR_annotation_Atlas/vps_outputs,task_state_68e519054c9873a9c57ee7fd.json,218,2026-03-01T20:14:37.494Z,.json
gdrive:OCR_annotation_Atlas/vps_outputs,task_state_68e5d0d1ce7653727f25b629.json,218,2026-03-02T13:55:54.658Z,.json
gdrive:OCR_annotation_Atlas/vps_outputs,task_state_68ec160017db5b282f28d2b5.json,189,2026-03-02T05:44:06.117Z,.json
gdrive:OCR_annotation_Atlas/vps_outputs,task_state_68ed349f189ced68ab9fa1b3.json,218,2026-03-02T14:12:07.967Z,.json
gdrive:OCR_annotation_Atlas/vps_outputs,task_state_68ed506e3b627f6f68ebbc4d.json,218,2026-03-02T11:23:42.964Z,.json
gdrive:OCR_annotation_Atlas/vps_outputs,task_state_68ede6a6586e7135d292faed.json,136,2026-03-01T03:27:00.420Z,.json
gdrive:OCR_annotation_Atlas/vps_outputs,task_state_68ee490d6bfd986fe41dd629.json,189,2026-03-01T03:19:14.212Z,.json
gdrive:OCR_annotation_Atlas/vps_outputs,task_state_68ef289da7e59f149101d9c5.json,218,2026-03-02T11:22:02.182Z,.json
gdrive:OCR_annotation_Atlas/vps_outputs,task_state_68f21f4aa7e59f149101e0e8.json,218,2026-03-01T21:37:40.064Z,.json
gdrive:OCR_annotation_Atlas/vps_outputs,task_state_69021185be3352e9dac4f0f5.json,218,2026-03-02T16:38:19.505Z,.json
gdrive:OCR_annotation_Atlas/vps_outputs,task_state_69041171a684bff88eb6b555.json,218,2026-03-01T20:38:52.949Z,.json
gdrive:OCR_annotation_Atlas/vps_outputs,task_state_6905e467ee733de8fa093459.json,136,2026-03-01T03:39:21.792Z,.json
gdrive:OCR_annotation_Atlas/vps_outputs,task_state_69082934f0007cf1f6d812a7.json,192,2026-03-02T10:40:37.959Z,.json
gdrive:OCR_annotation_Atlas/vps_outputs,task_state_69085fa1c78e1fc2157a0a03.json,218,2026-03-02T05:40:25.725Z,.json
gdrive:OCR_annotation_Atlas/vps_outputs,task_state_6908d690f0007cf1f6d8159f.json,218,2026-03-02T05:13:49.165Z,.json
gdrive:OCR_annotation_Atlas/vps_outputs,task_state_69098dc9282bb77a7d002d82.json,189,2026-03-01T06:29:06.687Z,.json
gdrive:OCR_annotation_Atlas/vps_outputs,task_state_69098de0b37a848b0dbe6a9c.json,162,2026-03-01T06:35:53.629Z,.json
gdrive:OCR_annotation_Atlas/vps_outputs,task_state_69098dff4cd6726de4c80eab.json,163,2026-03-01T06:39:16.092Z,.json
gdrive:OCR_annotation_Atlas/vps_outputs,task_state_690a605052a880fba1ca9da3.json,189,2026-03-02T15:53:25.203Z,.json
gdrive:OCR_annotation_Atlas/vps_outputs,task_state_690a8a6f538a7cca5e997136.json,356,2026-03-01T15:54:56.389Z,.json
gdrive:OCR_annotation_Atlas/vps_outputs,task_state_690a9b97853b6b424405afe3.json,1059,2026-03-01T15:56:54.151Z,.json
gdrive:OCR_annotation_Atlas/vps_outputs,task_state_690a9e3f0327f4f650344d5b.json,191,2026-03-01T15:26:55.671Z,.json
gdrive:OCR_annotation_Atlas/vps_outputs,task_state_690ab1af18d79283b2c20958.json,137,2026-03-01T16:14:00.791Z,.json
gdrive:OCR_annotation_Atlas/vps_outputs,task_state_690ad0c8552c14c3b6efcbdc.json,218,2026-03-01T17:25:53.319Z,.json
gdrive:OCR_annotation_Atlas/vps_outputs,task_state_690b0e6331b0109311678ae8.json,218,2026-03-01T19:14:38.640Z,.json
gdrive:OCR_annotation_Atlas/vps_outputs,text_68c3e30b9c65dfc2d3048ba8_current.txt,384,2026-03-01T21:41:32.320Z,.txt
gdrive:OCR_annotation_Atlas/vps_outputs,text_68c3e30b9c65dfc2d3048ba8_update.txt,445,2026-03-01T21:41:32.320Z,.txt
gdrive:OCR_annotation_Atlas/vps_outputs,text_68d0fef8c478daa723d5c7c4_current.txt,818,2026-03-02T03:43:18.479Z,.txt
gdrive:OCR_annotation_Atlas/vps_outputs,text_68d0fef8c478daa723d5c7c4_update.txt,485,2026-03-02T03:43:18.503Z,.txt
gdrive:OCR_annotation_Atlas/vps_outputs,text_68d1a0cd1db0b663a19de134_current.txt,112,2026-03-02T04:12:32.425Z,.txt
gdrive:OCR_annotation_Atlas/vps_outputs,text_68d1a0cd1db0b663a19de134_update.txt,103,2026-03-02T04:12:32.425Z,.txt
gdrive:OCR_annotation_Atlas/vps_outputs,text_68d30f85593c576a5a68efd9_current.txt,675,2026-03-02T10:52:14.351Z,.txt
gdrive:OCR_annotation_Atlas/vps_outputs,text_68d30f85593c576a5a68efd9_update.txt,581,2026-03-02T10:52:14.351Z,.txt
gdrive:OCR_annotation_Atlas/vps_outputs,text_68d35c45fdc3d72c21722f7b_current.txt,1271,2026-03-01T19:39:48.786Z,.txt
gdrive:OCR_annotation_Atlas/vps_outputs,text_68d35c45fdc3d72c21722f7b_update.txt,627,2026-03-01T19:39:48.786Z,.txt
gdrive:OCR_annotation_Atlas/vps_outputs,text_68d39ac2fe4773b68cdb4b93_current.txt,645,2026-03-02T22:22:21.865Z,.txt
gdrive:OCR_annotation_Atlas/vps_outputs,text_68d39ac2fe4773b68cdb4b93_update.txt,491,2026-03-02T22:22:21.865Z,.txt
gdrive:OCR_annotation_Atlas/vps_outputs,text_68d39b8b12af763ea5dca1db_current.txt,328,2026-03-02T22:24:45.988Z,.txt
gdrive:OCR_annotation_Atlas/vps_outputs,text_68d39b8b12af763ea5dca1db_update.txt,201,2026-03-02T22:24:45.988Z,.txt
gdrive:OCR_annotation_Atlas/vps_outputs,text_68d39c343f1af862216a1bd0_current.txt,1334,2026-03-02T22:29:21.134Z,.txt
gdrive:OCR_annotation_Atlas/vps_outputs,text_68d39c343f1af862216a1bd0_update.txt,1318,2026-03-02T22:29:21.186Z,.txt
gdrive:OCR_annotation_Atlas/vps_outputs,text_68d3aa2f0b15d43c1228eaf5_current.txt,695,2026-03-01T02:49:48.902Z,.txt
gdrive:OCR_annotation_Atlas/vps_outputs,text_68d3aa2f0b15d43c1228eaf5_update.txt,769,2026-03-01T02:49:48.902Z,.txt
gdrive:OCR_annotation_Atlas/vps_outputs,text_68d3aa7ccea1f16ac771f495_current.txt,952,2026-03-03T18:40:37.023Z,.txt
gdrive:OCR_annotation_Atlas/vps_outputs,text_68d3aa7ccea1f16ac771f495_update.txt,958,2026-03-03T18:40:37.023Z,.txt
gdrive:OCR_annotation_Atlas/vps_outputs,text_68d3ab1afe4773b68cdb4bf2_current.txt,189,2026-03-03T18:22:25.379Z,.txt
gdrive:OCR_annotation_Atlas/vps_outputs,text_68d3ab1afe4773b68cdb4bf2_update.txt,108,2026-03-03T18:22:25.379Z,.txt
gdrive:OCR_annotation_Atlas/vps_outputs,text_68d3ab2697f1df6e7a965044_current.txt,942,2026-03-01T03:04:51.589Z,.txt
gdrive:OCR_annotation_Atlas/vps_outputs,text_68d3ab2697f1df6e7a965044_update.txt,914,2026-03-01T03:04:51.589Z,.txt
gdrive:OCR_annotation_Atlas/vps_outputs,text_68d3ac5e1963191d9d22a66e_current.txt,152,2026-03-03T18:43:51.839Z,.txt
gdrive:OCR_annotation_Atlas/vps_outputs,text_68d3ac5e1963191d9d22a66e_update.txt,152,2026-03-03T18:43:51.839Z,.txt
gdrive:OCR_annotation_Atlas/vps_outputs,text_68d3ac85b13874d8f711f438_current.txt,731,2026-03-01T03:11:32.600Z,.txt
gdrive:OCR_annotation_Atlas/vps_outputs,text_68d3ac85b13874d8f711f438_update.txt,682,2026-03-01T03:11:32.600Z,.txt
gdrive:OCR_annotation_Atlas/vps_outputs,text_68d3acd56bf95e36e4f9bbaa_current.txt,505,2026-03-03T18:32:52.207Z,.txt
gdrive:OCR_annotation_Atlas/vps_outputs,text_68d3acd56bf95e36e4f9bbaa_update.txt,467,2026-03-03T18:32:52.211Z,.txt
gdrive:OCR_annotation_Atlas/vps_outputs,text_68d3acfc890039bfd5e5e320_current.txt,1432,2026-03-03T18:02:33.454Z,.txt
gdrive:OCR_annotation_Atlas/vps_outputs,text_68d3acfc890039bfd5e5e320_update.txt,1149,2026-03-03T18:02:33.474Z,.txt
gdrive:OCR_annotation_Atlas/vps_outputs,text_68d3acff347ceea1609f6e3a_current.txt,154,2026-03-01T02:04:55.739Z,.txt
gdrive:OCR_annotation_Atlas/vps_outputs,text_68d3acff347ceea1609f6e3a_update.txt,87,2026-03-01T02:04:55.739Z,.txt
gdrive:OCR_annotation_Atlas/vps_outputs,text_68d3ad007f1737e822053549_current.txt,406,2026-03-03T17:34:56.854Z,.txt
gdrive:OCR_annotation_Atlas/vps_outputs,text_68d3ad007f1737e822053549_update.txt,302,2026-03-03T17:34:56.854Z,.txt
gdrive:OCR_annotation_Atlas/vps_outputs,text_68d3ad130b15d43c1228eb01_current.txt,367,2026-03-03T18:48:51.325Z,.txt
gdrive:OCR_annotation_Atlas/vps_outputs,text_68d3ad130b15d43c1228eb01_update.txt,255,2026-03-03T18:48:51.325Z,.txt
gdrive:OCR_annotation_Atlas/vps_outputs,text_68d3ad174d1da7e09284b1b2_current.txt,769,2026-03-03T18:47:54.173Z,.txt
gdrive:OCR_annotation_Atlas/vps_outputs,text_68d3ad174d1da7e09284b1b2_update.txt,717,2026-03-03T18:47:54.173Z,.txt
gdrive:OCR_annotation_Atlas/vps_outputs,text_68d3ad174d1da7e09284b1b4_current.txt,611,2026-03-03T17:37:45.529Z,.txt
gdrive:OCR_annotation_Atlas/vps_outputs,text_68d3ad174d1da7e09284b1b4_update.txt,483,2026-03-03T17:37:45.529Z,.txt
gdrive:OCR_annotation_Atlas/vps_outputs,text_68d3ad76ec023a8391120e03_current.txt,1205,2026-03-03T20:47:36.076Z,.txt
gdrive:OCR_annotation_Atlas/vps_outputs,text_68d3ad76ec023a8391120e03_update.txt,1296,2026-03-03T20:47:36.112Z,.txt
gdrive:OCR_annotation_Atlas/vps_outputs,text_68d3ae39e2c97de26e76bbd7_current.txt,242,2026-03-03T19:00:11.125Z,.txt
gdrive:OCR_annotation_Atlas/vps_outputs,text_68d3ae39e2c97de26e76bbd7_update.txt,239,2026-03-03T19:00:11.125Z,.txt
gdrive:OCR_annotation_Atlas/vps_outputs,text_68d3afbaea7baff78e2dc456_current.txt,2590,2026-03-03T20:55:42.568Z,.txt
gdrive:OCR_annotation_Atlas/vps_outputs,text_68d3afbaea7baff78e2dc456_update.txt,1926,2026-03-03T20:55:42.568Z,.txt
gdrive:OCR_annotation_Atlas/vps_outputs,text_68d3c4ff6427d8caac511a05_current.txt,2327,2026-03-02T20:29:41.583Z,.txt
gdrive:OCR_annotation_Atlas/vps_outputs,text_68d3c4ff6427d8caac511a05_update.txt,1961,2026-03-02T20:29:41.583Z,.txt
gdrive:OCR_annotation_Atlas/vps_outputs,text_68d3e6eb362d1163a3b9b00d_current.txt,539,2026-03-01T20:43:09.076Z,.txt
gdrive:OCR_annotation_Atlas/vps_outputs,text_68d3e6eb362d1163a3b9b00d_update.txt,456,2026-03-01T20:43:09.076Z,.txt
gdrive:OCR_annotation_Atlas/vps_outputs,text_68d3eead70ac33bcc29e1356_current.txt,190,2026-03-01T19:09:32.758Z,.txt
gdrive:OCR_annotation_Atlas/vps_outputs,text_68d3eead70ac33bcc29e1356_update.txt,107,2026-03-01T19:09:32.758Z,.txt
gdrive:OCR_annotation_Atlas/vps_outputs,text_68e4257a9cb02005c13e8884_current.txt,647,2026-03-01T21:08:40.692Z,.txt
gdrive:OCR_annotation_Atlas/vps_outputs,text_68e4257a9cb02005c13e8884_update.txt,688,2026-03-01T21:08:40.692Z,.txt
gdrive:OCR_annotation_Atlas/vps_outputs,text_68e498ba6f2a74ef264625dd_current.txt,249,2026-03-02T17:10:42.940Z,.txt
gdrive:OCR_annotation_Atlas/vps_outputs,text_68e498ba6f2a74ef264625dd_update.txt,195,2026-03-02T17:10:42.940Z,.txt
gdrive:OCR_annotation_Atlas/vps_outputs,text_68e4f53dbfd0dfda602b8d9c_current.txt,350,2026-03-02T15:13:25.531Z,.txt
gdrive:OCR_annotation_Atlas/vps_outputs,text_68e4f53dbfd0dfda602b8d9c_update.txt,409,2026-03-02T15:13:25.531Z,.txt
gdrive:OCR_annotation_Atlas/vps_outputs,text_68e519054c9873a9c57ee7fd_current.txt,96,2026-03-01T20:13:59.725Z,.txt
gdrive:OCR_annotation_Atlas/vps_outputs,text_68e519054c9873a9c57ee7fd_update.txt,82,2026-03-01T20:13:59.725Z,.txt
gdrive:OCR_annotation_Atlas/vps_outputs,text_68e5d0d1ce7653727f25b629_current.txt,231,2026-03-02T13:55:13.958Z,.txt
gdrive:OCR_annotation_Atlas/vps_outputs,text_68e5d0d1ce7653727f25b629_update.txt,247,2026-03-02T13:55:13.958Z,.txt
gdrive:OCR_annotation_Atlas/vps_outputs,text_68ec160017db5b282f28d2b5_current.txt,593,2026-03-02T05:42:40.379Z,.txt
gdrive:OCR_annotation_Atlas/vps_outputs,text_68ec160017db5b282f28d2b5_update.txt,440,2026-03-02T05:42:40.379Z,.txt
gdrive:OCR_annotation_Atlas/vps_outputs,text_68ed506e3b627f6f68ebbc4d_current.txt,148,2026-03-02T11:23:01.851Z,.txt
gdrive:OCR_annotation_Atlas/vps_outputs,text_68ed506e3b627f6f68ebbc4d_update.txt,109,2026-03-02T11:23:01.851Z,.txt
gdrive:OCR_annotation_Atlas/vps_outputs,text_68ede6a6586e7135d292faed_current.txt,519,2026-03-01T03:27:00.416Z,.txt
gdrive:OCR_annotation_Atlas/vps_outputs,text_68ede6a6586e7135d292faed_update.txt,660,2026-03-01T03:27:00.416Z,.txt
gdrive:OCR_annotation_Atlas/vps_outputs,text_68ee393412fd60d4a9f62ea2_current.txt,243,2026-03-02T03:29:34.789Z,.txt
gdrive:OCR_annotation_Atlas/vps_outputs,text_68ee393412fd60d4a9f62ea2_update.txt,179,2026-03-02T03:29:34.789Z,.txt
gdrive:OCR_annotation_Atlas/vps_outputs,text_68ee490d6bfd986fe41dd629_current.txt,450,2026-03-01T03:17:28.838Z,.txt
gdrive:OCR_annotation_Atlas/vps_outputs,text_68ee490d6bfd986fe41dd629_update.txt,450,2026-03-01T03:17:28.846Z,.txt
gdrive:OCR_annotation_Atlas/vps_outputs,text_68ef2600601bafe52cb91939_current.txt,1150,2026-03-02T06:13:18.697Z,.txt
gdrive:OCR_annotation_Atlas/vps_outputs,text_68ef2600601bafe52cb91939_update.txt,687,2026-03-02T06:13:18.697Z,.txt
gdrive:OCR_annotation_Atlas/vps_outputs,text_68f118af1b68a1ca92cdbbab_current.txt,457,2026-03-02T10:14:10.112Z,.txt
gdrive:OCR_annotation_Atlas/vps_outputs,text_68f118af1b68a1ca92cdbbab_update.txt,291,2026-03-02T10:14:10.112Z,.txt
gdrive:OCR_annotation_Atlas/vps_outputs,text_69021185be3352e9dac4f0f5_current.txt,966,2026-03-02T16:35:33.950Z,.txt
gdrive:OCR_annotation_Atlas/vps_outputs,text_69021185be3352e9dac4f0f5_update.txt,782,2026-03-02T16:35:33.974Z,.txt
gdrive:OCR_annotation_Atlas/vps_outputs,text_6904f0758c22f3ad8e0eb763_current.txt,926,2026-03-02T11:57:05.942Z,.txt
gdrive:OCR_annotation_Atlas/vps_outputs,text_6904f0758c22f3ad8e0eb763_update.txt,746,2026-03-02T11:57:05.942Z,.txt
gdrive:OCR_annotation_Atlas/vps_outputs,text_6905e467ee733de8fa093459_current.txt,1245,2026-03-01T03:39:21.784Z,.txt
gdrive:OCR_annotation_Atlas/vps_outputs,text_6905e467ee733de8fa093459_update.txt,885,2026-03-01T03:39:21.788Z,.txt
gdrive:OCR_annotation_Atlas/vps_outputs,text_69082934f0007cf1f6d812a7_current.txt,1806,2026-03-02T10:29:09.659Z,.txt
gdrive:OCR_annotation_Atlas/vps_outputs,text_69082934f0007cf1f6d812a7_update.txt,1445,2026-03-02T10:29:09.659Z,.txt
gdrive:OCR_annotation_Atlas/vps_outputs,text_6908d690f0007cf1f6d8159f_current.txt,846,2026-03-02T05:11:47.722Z,.txt
gdrive:OCR_annotation_Atlas/vps_outputs,text_6908d690f0007cf1f6d8159f_update.txt,904,2026-03-02T05:11:47.722Z,.txt
gdrive:OCR_annotation_Atlas/vps_outputs,text_69098dc9282bb77a7d002d82_current.txt,1560,2026-03-01T06:26:43.841Z,.txt
gdrive:OCR_annotation_Atlas/vps_outputs,text_69098dc9282bb77a7d002d82_update.txt,1475,2026-03-01T06:26:43.841Z,.txt
gdrive:OCR_annotation_Atlas/vps_outputs,text_69098de0b37a848b0dbe6a9c_current.txt,1168,2026-03-01T06:31:34.073Z,.txt
gdrive:OCR_annotation_Atlas/vps_outputs,text_69098de0b37a848b0dbe6a9c_update.txt,977,2026-03-01T06:31:34.073Z,.txt
gdrive:OCR_annotation_Atlas/vps_outputs,text_69098dff4cd6726de4c80eab_current.txt,782,2026-03-01T06:39:11.160Z,.txt
gdrive:OCR_annotation_Atlas/vps_outputs,text_69098dff4cd6726de4c80eab_update.txt,796,2026-03-01T06:39:11.160Z,.txt
gdrive:OCR_annotation_Atlas/vps_outputs,text_690a8a6f538a7cca5e997136_current.txt,956,2026-03-01T15:53:32.508Z,.txt
gdrive:OCR_annotation_Atlas/vps_outputs,text_690a8a6f538a7cca5e997136_update.txt,926,2026-03-01T15:53:32.508Z,.txt
gdrive:OCR_annotation_Atlas/vps_outputs,text_690a9b97853b6b424405afe3_current.txt,61,2026-03-01T15:56:17.347Z,.txt
gdrive:OCR_annotation_Atlas/vps_outputs,text_690a9b97853b6b424405afe3_update.txt,51,2026-03-01T15:56:17.347Z,.txt
gdrive:OCR_annotation_Atlas/vps_outputs,text_690ab1af18d79283b2c20958_current.txt,2625,2026-03-01T16:14:00.691Z,.txt
gdrive:OCR_annotation_Atlas/vps_outputs,text_690ab1af18d79283b2c20958_update.txt,2628,2026-03-01T16:14:00.731Z,.txt
gdrive:OCR_annotation_Atlas/vps_outputs,text_690ad0c8552c14c3b6efcbdc_current.txt,842,2026-03-01T17:25:11.454Z,.txt
gdrive:OCR_annotation_Atlas/vps_outputs,text_690ad0c8552c14c3b6efcbdc_update.txt,838,2026-03-01T17:25:11.454Z,.txt
gdrive:OCR_annotation_Atlas/vps_outputs,text_690ad0c8552c14c3b6efcbdd_current.txt,1013,2026-03-01T17:28:06.117Z,.txt
gdrive:OCR_annotation_Atlas/vps_outputs,text_690ad0c8552c14c3b6efcbdd_update.txt,1000,2026-03-01T17:28:06.117Z,.txt
gdrive:OCR_annotation_Atlas/vps_outputs,text_690b0e6331b0109311678ae8_current.txt,487,2026-03-01T19:13:23.926Z,.txt
gdrive:OCR_annotation_Atlas/vps_outputs,text_690b0e6331b0109311678ae8_update.txt,368,2026-03-01T19:13:23.926Z,.txt
gdrive:OCR_annotation_Atlas/vps_outputs,validation_68c3e30b9c65dfc2d3048ba8.json,73,2026-03-01T21:41:32.320Z,.json
gdrive:OCR_annotation_Atlas/vps_outputs,validation_68d0fef8c478daa723d5c7c4.json,391,2026-03-02T03:43:18.503Z,.json
gdrive:OCR_annotation_Atlas/vps_outputs,validation_68d1a0cd1db0b663a19de134.json,173,2026-03-02T04:12:32.425Z,.json
gdrive:OCR_annotation_Atlas/vps_outputs,validation_68d30f85593c576a5a68efd9.json,178,2026-03-02T10:52:14.355Z,.json
gdrive:OCR_annotation_Atlas/vps_outputs,validation_68d35c45fdc3d72c21722f7b.json,499,2026-03-01T19:39:48.790Z,.json
gdrive:OCR_annotation_Atlas/vps_outputs,validation_68d39ac2fe4773b68cdb4b93.json,72,2026-03-02T22:22:21.869Z,.json
gdrive:OCR_annotation_Atlas/vps_outputs,validation_68d3aa2f0b15d43c1228eaf5.json,73,2026-03-01T02:49:48.906Z,.json
gdrive:OCR_annotation_Atlas/vps_outputs,validation_68d3aa7ccea1f16ac771f495.json,121,2026-03-03T18:40:37.027Z,.json
gdrive:OCR_annotation_Atlas/vps_outputs,validation_68d3ab1afe4773b68cdb4bf2.json,178,2026-03-03T18:22:25.379Z,.json
gdrive:OCR_annotation_Atlas/vps_outputs,validation_68d3ab2697f1df6e7a965044.json,129,2026-03-01T03:04:51.593Z,.json
gdrive:OCR_annotation_Atlas/vps_outputs,validation_68d3ac5e1963191d9d22a66e.json,72,2026-03-03T18:43:51.839Z,.json
gdrive:OCR_annotation_Atlas/vps_outputs,validation_68d3ac85b13874d8f711f438.json,181,2026-03-01T03:11:32.604Z,.json
gdrive:OCR_annotation_Atlas/vps_outputs,validation_68d3acd56bf95e36e4f9bbaa.json,336,2026-03-03T18:32:52.247Z,.json
gdrive:OCR_annotation_Atlas/vps_outputs,validation_68d3acfc890039bfd5e5e320.json,554,2026-03-03T18:02:33.542Z,.json
gdrive:OCR_annotation_Atlas/vps_outputs,validation_68d3acff347ceea1609f6e3a.json,119,2026-03-01T02:04:55.743Z,.json
gdrive:OCR_annotation_Atlas/vps_outputs,validation_68d3ad007f1737e822053549.json,72,2026-03-03T17:34:56.858Z,.json
gdrive:OCR_annotation_Atlas/vps_outputs,validation_68d3ad130b15d43c1228eb01.json,72,2026-03-03T18:48:51.325Z,.json
gdrive:OCR_annotation_Atlas/vps_outputs,validation_68d3ad174d1da7e09284b1b2.json,183,2026-03-03T18:47:54.177Z,.json
gdrive:OCR_annotation_Atlas/vps_outputs,validation_68d3ad174d1da7e09284b1b4.json,179,2026-03-03T17:37:45.529Z,.json
gdrive:OCR_annotation_Atlas/vps_outputs,validation_68d3ad76ec023a8391120e03.json,1358,2026-03-03T20:47:36.172Z,.json
gdrive:OCR_annotation_Atlas/vps_outputs,validation_68d3ae39e2c97de26e76bbd7.json,72,2026-03-03T19:00:11.129Z,.json
gdrive:OCR_annotation_Atlas/vps_outputs,validation_68d3afbaea7baff78e2dc456.json,73,2026-03-03T20:55:42.584Z,.json
gdrive:OCR_annotation_Atlas/vps_outputs,validation_68d3c4ff6427d8caac511a05.json,73,2026-03-02T20:29:41.587Z,.json
gdrive:OCR_annotation_Atlas/vps_outputs,validation_68d3e6eb362d1163a3b9b00d.json,445,2026-03-01T20:43:09.080Z,.json
gdrive:OCR_annotation_Atlas/vps_outputs,validation_68d3eead70ac33bcc29e1356.json,178,2026-03-01T19:09:32.766Z,.json
gdrive:OCR_annotation_Atlas/vps_outputs,validation_68e4257a9cb02005c13e8884.json,73,2026-03-01T21:08:40.696Z,.json
gdrive:OCR_annotation_Atlas/vps_outputs,validation_68e498ba6f2a74ef264625dd.json,72,2026-03-02T17:10:42.940Z,.json
gdrive:OCR_annotation_Atlas/vps_outputs,validation_68e4f53dbfd0dfda602b8d9c.json,234,2026-03-02T15:13:25.535Z,.json
gdrive:OCR_annotation_Atlas/vps_outputs,validation_68e519054c9873a9c57ee7fd.json,72,2026-03-01T20:13:59.725Z,.json
gdrive:OCR_annotation_Atlas/vps_outputs,validation_68e5d0d1ce7653727f25b629.json,72,2026-03-02T13:55:13.958Z,.json
gdrive:OCR_annotation_Atlas/vps_outputs,validation_68ec160017db5b282f28d2b5.json,334,2026-03-02T05:42:40.379Z,.json
gdrive:OCR_annotation_Atlas/vps_outputs,validation_68ed506e3b627f6f68ebbc4d.json,72,2026-03-02T11:23:01.851Z,.json
gdrive:OCR_annotation_Atlas/vps_outputs,validation_68ede6a6586e7135d292faed.json,1024,2026-03-01T03:27:00.416Z,.json
gdrive:OCR_annotation_Atlas/vps_outputs,validation_68ee393412fd60d4a9f62ea2.json,72,2026-03-02T03:29:34.793Z,.json
gdrive:OCR_annotation_Atlas/vps_outputs,validation_68ee490d6bfd986fe41dd629.json,73,2026-03-01T03:17:28.862Z,.json
gdrive:OCR_annotation_Atlas/vps_outputs,validation_68ef2600601bafe52cb91939.json,391,2026-03-02T06:13:18.697Z,.json
gdrive:OCR_annotation_Atlas/vps_outputs,validation_68f118af1b68a1ca92cdbbab.json,230,2026-03-02T10:14:10.112Z,.json
gdrive:OCR_annotation_Atlas/vps_outputs,validation_69021185be3352e9dac4f0f5.json,1322,2026-03-02T16:35:34.002Z,.json
gdrive:OCR_annotation_Atlas/vps_outputs,validation_6904f0758c22f3ad8e0eb763.json,604,2026-03-02T11:57:05.950Z,.json
gdrive:OCR_annotation_Atlas/vps_outputs,validation_6905e467ee733de8fa093459.json,867,2026-03-01T03:39:21.788Z,.json
gdrive:OCR_annotation_Atlas/vps_outputs,validation_69082934f0007cf1f6d812a7.json,2302,2026-03-02T10:29:09.663Z,.json
gdrive:OCR_annotation_Atlas/vps_outputs,validation_6908d690f0007cf1f6d8159f.json,73,2026-03-02T05:11:47.726Z,.json
gdrive:OCR_annotation_Atlas/vps_outputs,validation_69098dc9282bb77a7d002d82.json,73,2026-03-01T06:26:43.869Z,.json
gdrive:OCR_annotation_Atlas/vps_outputs,validation_69098de0b37a848b0dbe6a9c.json,340,2026-03-01T06:31:34.077Z,.json
gdrive:OCR_annotation_Atlas/vps_outputs,validation_69098dff4cd6726de4c80eab.json,73,2026-03-01T06:39:11.164Z,.json
gdrive:OCR_annotation_Atlas/vps_outputs,validation_690a8a6f538a7cca5e997136.json,73,2026-03-01T15:53:32.520Z,.json
gdrive:OCR_annotation_Atlas/vps_outputs,validation_690a9b97853b6b424405afe3.json,119,2026-03-01T15:56:17.347Z,.json
gdrive:OCR_annotation_Atlas/vps_outputs,validation_690ab1af18d79283b2c20958.json,121,2026-03-01T16:14:00.759Z,.json
gdrive:OCR_annotation_Atlas/vps_outputs,validation_690ad0c8552c14c3b6efcbdc.json,73,2026-03-01T17:25:11.454Z,.json
gdrive:OCR_annotation_Atlas/vps_outputs,validation_690ad0c8552c14c3b6efcbdd.json,727,2026-03-01T17:28:06.129Z,.json
gdrive:OCR_annotation_Atlas/vps_outputs,validation_690b0e6331b0109311678ae8.json,438,2026-03-01T19:13:23.954Z,.json
gdrive:OCR_annotation_Atlas/vps_outputs,video_68c3e30b9c65dfc2d3048ba8.mp4,6590556,2026-03-01T21:38:28.613Z,.mp4
gdrive:OCR_annotation_Atlas/vps_outputs,video_68d0fef8c478daa723d5c7c4.mp4,15987094,2026-03-02T03:41:52.158Z,.mp4
gdrive:OCR_annotation_Atlas/vps_outputs,video_68d0fef8c478daa723d5c7c4_upload_opt.mp4,2015355,2026-03-02T03:42:29.306Z,.mp4
gdrive:OCR_annotation_Atlas/vps_outputs,video_68d1a0cd1db0b663a19de134.mp4,9427818,2026-03-02T04:11:48.409Z,.mp4
gdrive:OCR_annotation_Atlas/vps_outputs,video_68d1a0cd1db0b663a19de134_upload_opt.mp4,572662,2026-03-02T04:12:08.697Z,.mp4
gdrive:OCR_annotation_Atlas/vps_outputs,video_68d30f85593c576a5a68efd9_upload_opt.mp4,3034130,2026-03-02T10:51:13.370Z,.mp4
gdrive:OCR_annotation_Atlas/vps_outputs,video_68d3a6fc685c6991fe06bb82.mp4,2384386,2026-03-02T09:14:40.814Z,.mp4
gdrive:OCR_annotation_Atlas/vps_outputs,video_68d3a8fd4b1c32266ea184ce.mp4,24226975,2026-03-01T01:49:58.168Z,.mp4
gdrive:OCR_annotation_Atlas/vps_outputs,video_68d3aa2f0b15d43c1228eaf5.mp4,17979455,2026-03-01T02:48:34.073Z,.mp4
gdrive:OCR_annotation_Atlas/vps_outputs,video_68d3aa7ccea1f16ac771f495.mp4,30758993,2026-03-03T18:08:37.756Z,.mp4
gdrive:OCR_annotation_Atlas/vps_outputs,video_68d3aa7ccea1f16ac771f495_upload_opt.mp4,3876177,2026-03-03T18:09:49.677Z,.mp4
gdrive:OCR_annotation_Atlas/vps_outputs,video_68d3ab1afe4773b68cdb4bf2.mp4,8522715,2026-03-03T18:22:04.174Z,.mp4
gdrive:OCR_annotation_Atlas/vps_outputs,video_68d3ab2697f1df6e7a965044.mp4,11891566,2026-03-01T02:53:54.558Z,.mp4
gdrive:OCR_annotation_Atlas/vps_outputs,video_68d3ac5e1963191d9d22a66e.mp4,5552733,2026-03-03T18:29:52.103Z,.mp4
gdrive:OCR_annotation_Atlas/vps_outputs,video_68d3ac85b13874d8f711f438.mp4,9969000,2026-03-01T03:10:02.758Z,.mp4
gdrive:OCR_annotation_Atlas/vps_outputs,video_68d3acd56bf95e36e4f9bbaa.mp4,30336561,2026-03-03T18:31:08.061Z,.mp4
gdrive:OCR_annotation_Atlas/vps_outputs,video_68d3acd56bf95e36e4f9bbaa_upload_opt.mp4,4169286,2026-03-03T18:32:17.782Z,.mp4
gdrive:OCR_annotation_Atlas/vps_outputs,video_68d3acfc890039bfd5e5e320.mp4,18458241,2026-03-03T17:31:37.286Z,.mp4
gdrive:OCR_annotation_Atlas/vps_outputs,video_68d3acfc890039bfd5e5e320_upload_opt.mp4,2324556,2026-03-03T17:32:46.215Z,.mp4
gdrive:OCR_annotation_Atlas/vps_outputs,video_68d3acff347ceea1609f6e3a.mp4,14322492,2026-03-01T02:01:43.264Z,.mp4
gdrive:OCR_annotation_Atlas/vps_outputs,video_68d3ad007f1737e822053549.mp4,3769294,2026-03-03T17:34:21.373Z,.mp4
gdrive:OCR_annotation_Atlas/vps_outputs,video_68d3ad130b15d43c1228eb01.mp4,12990955,2026-03-03T18:48:32.417Z,.mp4
gdrive:OCR_annotation_Atlas/vps_outputs,video_68d3ad174d1da7e09284b1b2.mp4,14309792,2026-03-03T18:46:36.452Z,.mp4
gdrive:OCR_annotation_Atlas/vps_outputs,video_68d3ad174d1da7e09284b1b2_upload_opt.mp4,1792983,2026-03-03T18:47:16.097Z,.mp4
gdrive:OCR_annotation_Atlas/vps_outputs,video_68d3ad174d1da7e09284b1b4.mp4,7370787,2026-03-03T17:37:04.780Z,.mp4
gdrive:OCR_annotation_Atlas/vps_outputs,video_68d3ad76ec023a8391120e03.mp4,19884063,2026-03-03T20:31:27.043Z,.mp4
gdrive:OCR_annotation_Atlas/vps_outputs,video_68d3ad76ec023a8391120e03_upload_opt.mp4,3046289,2026-03-03T20:45:02.541Z,.mp4
gdrive:OCR_annotation_Atlas/vps_outputs,video_68d3ae39e2c97de26e76bbd7.mp4,5779816,2026-03-03T18:59:54.485Z,.mp4
gdrive:OCR_annotation_Atlas/vps_outputs,video_68d3afbaea7baff78e2dc456.mp4,20632104,2026-03-03T20:52:52.625Z,.mp4
gdrive:OCR_annotation_Atlas/vps_outputs,video_68d3afbaea7baff78e2dc456_upload_opt.mp4,2944695,2026-03-03T20:54:38.807Z,.mp4
gdrive:OCR_annotation_Atlas/vps_outputs,video_68d3e6eb362d1163a3b9b00d.mp4,14154220,2026-03-01T20:41:22.643Z,.mp4
gdrive:OCR_annotation_Atlas/vps_outputs,video_68d3e6eb362d1163a3b9b00d_upload_opt.mp4,2129259,2026-03-01T20:42:19.424Z,.mp4
gdrive:OCR_annotation_Atlas/vps_outputs,video_68d3eead70ac33bcc29e1356.mp4,4374997,2026-03-01T19:07:02.294Z,.mp4
gdrive:OCR_annotation_Atlas/vps_outputs,video_68e498ba6f2a74ef264625dd.mp4,2854801,2026-03-02T17:10:12.475Z,.mp4
gdrive:OCR_annotation_Atlas/vps_outputs,video_68e519054c9873a9c57ee7fd.mp4,2152942,2026-03-01T20:13:24.761Z,.mp4
gdrive:OCR_annotation_Atlas/vps_outputs,video_68e5d0d1ce7653727f25b629.mp4,4233917,2026-03-02T13:54:44.485Z,.mp4
gdrive:OCR_annotation_Atlas/vps_outputs,video_68ec160017db5b282f28d2b5.mp4,15158179,2026-03-02T05:41:15.678Z,.mp4
gdrive:OCR_annotation_Atlas/vps_outputs,video_68ec160017db5b282f28d2b5_upload_opt.mp4,1810628,2026-03-02T05:41:51.642Z,.mp4
gdrive:OCR_annotation_Atlas/vps_outputs,video_68ed506e3b627f6f68ebbc4d.mp4,2491764,2026-03-02T11:22:43.075Z,.mp4
gdrive:OCR_annotation_Atlas/vps_outputs,video_68ede6a6586e7135d292faed.mp4,18329473,2026-03-01T03:20:03.737Z,.mp4
gdrive:OCR_annotation_Atlas/vps_outputs,video_68ee490d6bfd986fe41dd629.mp4,6401215,2026-03-01T03:14:42.003Z,.mp4
gdrive:OCR_annotation_Atlas/vps_outputs,video_68ef2600601bafe52cb91939.mp4,23269808,2026-03-02T06:11:33.180Z,.mp4
gdrive:OCR_annotation_Atlas/vps_outputs,video_68ef2600601bafe52cb91939_upload_opt.mp4,2598722,2026-03-02T06:12:29.813Z,.mp4
gdrive:OCR_annotation_Atlas/vps_outputs,video_68f118af1b68a1ca92cdbbab.mp4,10493158,2026-03-02T10:12:43.290Z,.mp4
gdrive:OCR_annotation_Atlas/vps_outputs,video_68f118af1b68a1ca92cdbbab_upload_opt.mp4,1351312,2026-03-02T10:13:13.767Z,.mp4
gdrive:OCR_annotation_Atlas/vps_outputs,video_68f238486f39640e35d1a29c.mp4,18806806,2026-03-01T21:28:55.459Z,.mp4
gdrive:OCR_annotation_Atlas/vps_outputs,video_68f238486f39640e35d1a29c_upload_opt.mp4,2289007,2026-03-01T21:29:44.352Z,.mp4
gdrive:OCR_annotation_Atlas/vps_outputs,video_69021185be3352e9dac4f0f5.mp4,17662859,2026-03-02T16:25:29.700Z,.mp4
gdrive:OCR_annotation_Atlas/vps_outputs,video_69021185be3352e9dac4f0f5_upload_opt.mp4,2145201,2026-03-02T16:26:22.272Z,.mp4
gdrive:OCR_annotation_Atlas/vps_outputs,video_6904f0758c22f3ad8e0eb763.mp4,20190977,2026-03-02T11:55:18.256Z,.mp4
gdrive:OCR_annotation_Atlas/vps_outputs,video_6904f0758c22f3ad8e0eb763_upload_opt.mp4,2261378,2026-03-02T11:56:20.301Z,.mp4
gdrive:OCR_annotation_Atlas/vps_outputs,video_6905e467ee733de8fa093459.mp4,22522010,2026-03-01T03:34:47.244Z,.mp4
gdrive:OCR_annotation_Atlas/vps_outputs,video_6905f7eca3a82ea8d441234f_upload_opt.mp4,3873207,2026-03-01T19:27:47.463Z,.mp4
gdrive:OCR_annotation_Atlas/vps_outputs,video_69082934f0007cf1f6d812a7_upload_opt.mp4,3305171,2026-03-02T10:27:54.818Z,.mp4
gdrive:OCR_annotation_Atlas/vps_outputs,video_6908d690f0007cf1f6d8159f.mp4,18078231,2026-03-02T05:09:44.900Z,.mp4
gdrive:OCR_annotation_Atlas/vps_outputs,video_6908d690f0007cf1f6d8159f_upload_opt.mp4,2472225,2026-03-02T05:10:35.073Z,.mp4
gdrive:OCR_annotation_Atlas/vps_outputs,video_69098dc9282bb77a7d002d82.mp4,18630548,2026-03-01T06:25:10.387Z,.mp4
gdrive:OCR_annotation_Atlas/vps_outputs,video_69098de0b37a848b0dbe6a9c.mp4,17093905,2026-03-01T06:29:57.407Z,.mp4
gdrive:OCR_annotation_Atlas/vps_outputs,video_69098dff4cd6726de4c80eab.mp4,14530344,2026-03-01T06:36:39.493Z,.mp4
gdrive:OCR_annotation_Atlas/vps_outputs,video_690a8a6f538a7cca5e997136_upload_opt.mp4,3415365,2026-03-01T15:53:16.304Z,.mp4
gdrive:OCR_annotation_Atlas/vps_outputs,video_690a9b97853b6b424405afe3.mp4,17313224,2026-03-01T15:55:24.142Z,.mp4
gdrive:OCR_annotation_Atlas/vps_outputs,video_690a9b97853b6b424405afe3_upload_opt.mp4,1720876,2026-03-01T15:56:04.666Z,.mp4
gdrive:OCR_annotation_Atlas/vps_outputs,video_690ab1af18d79283b2c20958_upload_opt.mp4,3787878,2026-03-01T16:13:00.685Z,.mp4
gdrive:OCR_annotation_Atlas/vps_outputs,video_690ac6ffea9125f12f867bd3.mp4,26547152,2026-03-01T17:43:45.029Z,.mp4
gdrive:OCR_annotation_Atlas/vps_outputs,video_690ad0c8552c14c3b6efcbdd.mp4,15121000,2026-03-01T17:26:23.956Z,.mp4
gdrive:OCR_annotation_Atlas/vps_outputs,video_690ad0c8552c14c3b6efcbdd_upload_opt.mp4,1400715,2026-03-01T17:27:42.245Z,.mp4
gdrive:OCR_annotation_Atlas/vps_outputs,video_690b0e6331b0109311678ae8.mp4,38799256,2026-03-01T19:10:53.735Z,.mp4
gdrive:OCR_annotation_Atlas/vps_outputs,video_690b0e6331b0109311678ae8_upload_opt.mp4,3938678,2026-03-01T19:12:05.357Z,.mp4
gdrive:OCR_annotation_Atlas/local_outputs/outputs,atlas_labels_from_gemini.json,4656,2026-02-28T20:43:42.865Z,.json
gdrive:OCR_annotation_Atlas/local_outputs/outputs,atlas_prompt.txt,6835,2026-02-28T20:43:42.864Z,.txt
gdrive:OCR_annotation_Atlas/local_outputs/outputs,atlas_segments_dump.json,6358,2026-02-28T20:43:42.861Z,.json
gdrive:OCR_annotation_Atlas/local_outputs/outputs,atlas_task_video.mp4,16508598,2026-02-25T15:44:21.431Z,.mp4
gdrive:OCR_annotation_Atlas/local_outputs/outputs,debug_episode_failure_20260226_193355.html,82041,2026-02-26T17:33:55.281Z,.html
gdrive:OCR_annotation_Atlas/local_outputs/outputs,debug_episode_failure_20260226_193355.png,41506,2026-02-26T17:33:55.269Z,.png
gdrive:OCR_annotation_Atlas/local_outputs/outputs,debug_episode_failure_20260226_193439.html,82041,2026-02-26T17:34:39.947Z,.html
gdrive:OCR_annotation_Atlas/local_outputs/outputs,debug_episode_failure_20260226_193439.png,41506,2026-02-26T17:34:39.939Z,.png
gdrive:OCR_annotation_Atlas/local_outputs/outputs,debug_episode_failure_20260226_193524.html,82056,2026-02-26T17:35:24.933Z,.html
gdrive:OCR_annotation_Atlas/local_outputs/outputs,debug_episode_failure_20260226_193524.png,41506,2026-02-26T17:35:24.925Z,.png
gdrive:OCR_annotation_Atlas/local_outputs/outputs,debug_episode_failure_20260226_193609.html,82041,2026-02-26T17:36:09.940Z,.html
gdrive:OCR_annotation_Atlas/local_outputs/outputs,debug_episode_failure_20260226_193609.png,41506,2026-02-26T17:36:09.933Z,.png
gdrive:OCR_annotation_Atlas/local_outputs/outputs,debug_episode_failure_20260226_193654.html,82041,2026-02-26T17:36:54.739Z,.html
gdrive:OCR_annotation_Atlas/local_outputs/outputs,debug_episode_failure_20260226_193654.png,41506,2026-02-26T17:36:54.732Z,.png
gdrive:OCR_annotation_Atlas/local_outputs/outputs,debug_episode_failure_20260227_041944.html,82041,2026-02-27T02:19:44.328Z,.html
gdrive:OCR_annotation_Atlas/local_outputs/outputs,debug_episode_failure_20260227_041944.png,37745,2026-02-27T02:19:44.319Z,.png
gdrive:OCR_annotation_Atlas/local_outputs/outputs,debug_episode_failure_20260227_042033.html,82041,2026-02-27T02:20:33.425Z,.html
gdrive:OCR_annotation_Atlas/local_outputs/outputs,debug_episode_failure_20260227_042033.png,37745,2026-02-27T02:20:33.395Z,.png
gdrive:OCR_annotation_Atlas/local_outputs/outputs,debug_episode_failure_20260227_045930.html,82041,2026-02-27T02:59:30.370Z,.html
gdrive:OCR_annotation_Atlas/local_outputs/outputs,debug_episode_failure_20260227_045930.png,37745,2026-02-27T02:59:30.356Z,.png
gdrive:OCR_annotation_Atlas/local_outputs/outputs,debug_episode_failure_20260227_050018.html,82041,2026-02-27T03:00:18.829Z,.html
gdrive:OCR_annotation_Atlas/local_outputs/outputs,debug_episode_failure_20260227_050018.png,37745,2026-02-27T03:00:18.808Z,.png
gdrive:OCR_annotation_Atlas/local_outputs/outputs,debug_episode_failure_20260227_051710.html,82041,2026-02-27T03:17:10.623Z,.html
gdrive:OCR_annotation_Atlas/local_outputs/outputs,debug_episode_failure_20260227_051710.png,37745,2026-02-27T03:17:10.603Z,.png
gdrive:OCR_annotation_Atlas/local_outputs/outputs,debug_episode_failure_20260227_051759.html,82041,2026-02-27T03:17:59.698Z,.html
gdrive:OCR_annotation_Atlas/local_outputs/outputs,debug_episode_failure_20260227_051759.png,37745,2026-02-27T03:17:59.673Z,.png
gdrive:OCR_annotation_Atlas/local_outputs/outputs,debug_episode_failure_20260227_051848.html,82041,2026-02-27T03:18:48.845Z,.html
gdrive:OCR_annotation_Atlas/local_outputs/outputs,debug_episode_failure_20260227_051848.png,37745,2026-02-27T03:18:48.823Z,.png
gdrive:OCR_annotation_Atlas/local_outputs/outputs,debug_episode_failure_20260227_051938.html,82041,2026-02-27T03:19:38.558Z,.html
gdrive:OCR_annotation_Atlas/local_outputs/outputs,debug_episode_failure_20260227_051938.png,37745,2026-02-27T03:19:38.540Z,.png
gdrive:OCR_annotation_Atlas/local_outputs/outputs,debug_episode_failure_20260227_064630.html,81184,2026-02-27T04:46:30.544Z,.html
gdrive:OCR_annotation_Atlas/local_outputs/outputs,debug_episode_failure_20260227_064630.png,37745,2026-02-27T04:46:30.536Z,.png
gdrive:OCR_annotation_Atlas/local_outputs/outputs,debug_episode_failure_20260227_064717.html,82042,2026-02-27T04:47:17.390Z,.html
gdrive:OCR_annotation_Atlas/local_outputs/outputs,debug_episode_failure_20260227_064717.png,37745,2026-02-27T04:47:17.382Z,.png
gdrive:OCR_annotation_Atlas/local_outputs/outputs,debug_episode_failure_20260227_064804.html,82042,2026-02-27T04:48:04.233Z,.html
gdrive:OCR_annotation_Atlas/local_outputs/outputs,debug_episode_failure_20260227_064804.png,37745,2026-02-27T04:48:04.226Z,.png
gdrive:OCR_annotation_Atlas/local_outputs/outputs,debug_episode_failure_20260227_064850.html,82042,2026-02-27T04:48:50.956Z,.html
gdrive:OCR_annotation_Atlas/local_outputs/outputs,debug_episode_failure_20260227_064850.png,37745,2026-02-27T04:48:50.948Z,.png
gdrive:OCR_annotation_Atlas/local_outputs/outputs,debug_episode_failure_20260227_064937.html,82042,2026-02-27T04:49:37.876Z,.html
gdrive:OCR_annotation_Atlas/local_outputs/outputs,debug_episode_failure_20260227_064937.png,37745,2026-02-27T04:49:37.868Z,.png
gdrive:OCR_annotation_Atlas/local_outputs/outputs,debug_episode_failure_20260228_020513.html,184730,2026-02-28T00:05:14.519Z,.html
gdrive:OCR_annotation_Atlas/local_outputs/outputs,debug_episode_failure_20260228_020513.png,381409,2026-02-28T00:05:14.477Z,.png
gdrive:OCR_annotation_Atlas/local_outputs/outputs,debug_episode_failure_20260228_020551.html,185473,2026-02-28T00:05:51.612Z,.html
gdrive:OCR_annotation_Atlas/local_outputs/outputs,debug_episode_failure_20260228_020551.png,379571,2026-02-28T00:05:51.580Z,.png
gdrive:OCR_annotation_Atlas/local_outputs/outputs,debug_episode_failure_20260228_020634.html,185473,2026-02-28T00:06:34.374Z,.html
gdrive:OCR_annotation_Atlas/local_outputs/outputs,debug_episode_failure_20260228_020634.png,383099,2026-02-28T00:06:34.347Z,.png
gdrive:OCR_annotation_Atlas/local_outputs/outputs,debug_episode_failure_20260228_020716.html,185473,2026-02-28T00:07:16.719Z,.html
gdrive:OCR_annotation_Atlas/local_outputs/outputs,debug_episode_failure_20260228_020716.png,376029,2026-02-28T00:07:16.694Z,.png
gdrive:OCR_annotation_Atlas/local_outputs/outputs,debug_episode_failure_20260228_020759.html,185473,2026-02-28T00:07:59.345Z,.html
gdrive:OCR_annotation_Atlas/local_outputs/outputs,debug_episode_failure_20260228_020759.png,379569,2026-02-28T00:07:59.323Z,.png
gdrive:OCR_annotation_Atlas/local_outputs/outputs,debug_episode_failure_20260228_021200.html,185473,2026-02-28T00:12:01.276Z,.html
gdrive:OCR_annotation_Atlas/local_outputs/outputs,debug_episode_failure_20260228_021200.png,374163,2026-02-28T00:12:01.251Z,.png
gdrive:OCR_annotation_Atlas/local_outputs/outputs,debug_episode_failure_20260228_021242.html,185473,2026-02-28T00:12:42.209Z,.html
gdrive:OCR_annotation_Atlas/local_outputs/outputs,debug_episode_failure_20260228_021242.png,383821,2026-02-28T00:12:42.195Z,.png
gdrive:OCR_annotation_Atlas/local_outputs/outputs,debug_episode_failure_20260228_021359.html,184491,2026-02-28T00:13:59.729Z,.html
gdrive:OCR_annotation_Atlas/local_outputs/outputs,debug_episode_failure_20260228_021359.png,369067,2026-02-28T00:13:59.714Z,.png
gdrive:OCR_annotation_Atlas/local_outputs/outputs,debug_episode_failure_20260228_021858.html,144329,2026-02-28T00:18:59.325Z,.html
gdrive:OCR_annotation_Atlas/local_outputs/outputs,debug_episode_failure_20260228_021858.png,308288,2026-02-28T00:18:59.306Z,.png
gdrive:OCR_annotation_Atlas/local_outputs/outputs,debug_episode_failure_20260228_021932.html,145081,2026-02-28T00:19:32.589Z,.html
gdrive:OCR_annotation_Atlas/local_outputs/outputs,debug_episode_failure_20260228_021932.png,342944,2026-02-28T00:19:32.565Z,.png
gdrive:OCR_annotation_Atlas/local_outputs/outputs,debug_episode_failure_20260228_022004.html,145081,2026-02-28T00:20:05.009Z,.html
gdrive:OCR_annotation_Atlas/local_outputs/outputs,debug_episode_failure_20260228_022004.png,342830,2026-02-28T00:20:04.994Z,.png
gdrive:OCR_annotation_Atlas/local_outputs/outputs,debug_episode_failure_20260228_022038.html,145081,2026-02-28T00:20:38.197Z,.html
gdrive:OCR_annotation_Atlas/local_outputs/outputs,debug_episode_failure_20260228_022038.png,327307,2026-02-28T00:20:38.183Z,.png
gdrive:OCR_annotation_Atlas/local_outputs/outputs,debug_episode_failure_20260228_022110.html,145081,2026-02-28T00:21:11.119Z,.html
gdrive:OCR_annotation_Atlas/local_outputs/outputs,debug_episode_failure_20260228_022110.png,340915,2026-02-28T00:21:11.085Z,.png
gdrive:OCR_annotation_Atlas/local_outputs/outputs,debug_episode_failure_20260228_053010.html,134516,2026-02-28T03:30:15.099Z,.html
gdrive:OCR_annotation_Atlas/local_outputs/outputs,debug_episode_failure_20260228_053010.png,305916,2026-02-28T03:30:15.073Z,.png
gdrive:OCR_annotation_Atlas/local_outputs/outputs,debug_episode_failure_20260228_164150.html,194403,2026-02-28T14:41:50.700Z,.html
gdrive:OCR_annotation_Atlas/local_outputs/outputs,debug_episode_failure_20260228_164150.png,337518,2026-02-28T14:41:50.654Z,.png
gdrive:OCR_annotation_Atlas/local_outputs/outputs,debug_episode_failure_20260228_170241.html,234836,2026-02-28T15:02:42.122Z,.html
gdrive:OCR_annotation_Atlas/local_outputs/outputs,debug_episode_failure_20260228_170241.png,354031,2026-02-28T15:02:42.101Z,.png
gdrive:OCR_annotation_Atlas/local_outputs/outputs,debug_episode_failure_20260228_172120.html,193866,2026-02-28T15:21:20.523Z,.html
gdrive:OCR_annotation_Atlas/local_outputs/outputs,debug_episode_failure_20260228_172120.png,334898,2026-02-28T15:21:20.512Z,.png
gdrive:OCR_annotation_Atlas/local_outputs/outputs,debug_episode_failure_20260228_173507.html,234835,2026-02-28T15:35:07.229Z,.html
gdrive:OCR_annotation_Atlas/local_outputs/outputs,debug_episode_failure_20260228_173507.png,333995,2026-02-28T15:35:07.213Z,.png
gdrive:OCR_annotation_Atlas/local_outputs/outputs,debug_episode_failure_20260228_175457.html,193875,2026-02-28T15:54:58.189Z,.html
gdrive:OCR_annotation_Atlas/local_outputs/outputs,debug_episode_failure_20260228_175457.png,334909,2026-02-28T15:54:58.169Z,.png
gdrive:OCR_annotation_Atlas/local_outputs/outputs,debug_episode_failure_20260228_180912.html,234835,2026-02-28T16:09:13.051Z,.html
gdrive:OCR_annotation_Atlas/local_outputs/outputs,debug_episode_failure_20260228_180912.png,334021,2026-02-28T16:09:13.037Z,.png
gdrive:OCR_annotation_Atlas/local_outputs/outputs,debug_episode_failure_20260228_182633.html,193008,2026-02-28T16:26:33.393Z,.html
gdrive:OCR_annotation_Atlas/local_outputs/outputs,debug_episode_failure_20260228_182633.png,334943,2026-02-28T16:26:33.371Z,.png
gdrive:OCR_annotation_Atlas/local_outputs/outputs,debug_episode_failure_20260228_184041.html,234835,2026-02-28T16:40:42.055Z,.html
gdrive:OCR_annotation_Atlas/local_outputs/outputs,debug_episode_failure_20260228_184041.png,333946,2026-02-28T16:40:42.039Z,.png
gdrive:OCR_annotation_Atlas/local_outputs/outputs,debug_episode_failure_20260228_190054.html,192893,2026-02-28T17:00:55.331Z,.html
gdrive:OCR_annotation_Atlas/local_outputs/outputs,debug_episode_failure_20260228_190054.png,334842,2026-02-28T17:00:55.316Z,.png
gdrive:OCR_annotation_Atlas/local_outputs/outputs,debug_episode_failure_20260228_191452.html,234835,2026-02-28T17:14:52.731Z,.html
gdrive:OCR_annotation_Atlas/local_outputs/outputs,debug_episode_failure_20260228_191452.png,333964,2026-02-28T17:14:52.716Z,.png
gdrive:OCR_annotation_Atlas/local_outputs/outputs,debug_episode_failure_20260228_193230.html,192893,2026-02-28T17:32:30.546Z,.html
gdrive:OCR_annotation_Atlas/local_outputs/outputs,debug_episode_failure_20260228_193230.png,334899,2026-02-28T17:32:30.533Z,.png
gdrive:OCR_annotation_Atlas/local_outputs/outputs,debug_episode_failure_20260228_194603.html,234835,2026-02-28T17:46:03.611Z,.html
gdrive:OCR_annotation_Atlas/local_outputs/outputs,debug_episode_failure_20260228_194603.png,333959,2026-02-28T17:46:03.595Z,.png
gdrive:OCR_annotation_Atlas/local_outputs/outputs,debug_episode_failure_20260228_200332.html,193123,2026-02-28T18:03:32.463Z,.html
gdrive:OCR_annotation_Atlas/local_outputs/outputs,debug_episode_failure_20260228_200332.png,334946,2026-02-28T18:03:32.452Z,.png
gdrive:OCR_annotation_Atlas/local_outputs/outputs,debug_episode_failure_20260228_201711.html,234835,2026-02-28T18:17:11.723Z,.html
gdrive:OCR_annotation_Atlas/local_outputs/outputs,debug_episode_failure_20260228_201711.png,333973,2026-02-28T18:17:11.706Z,.png
gdrive:OCR_annotation_Atlas/local_outputs/outputs,debug_episode_failure_20260228_203712.html,530608,2026-02-28T18:37:12.918Z,.html
gdrive:OCR_annotation_Atlas/local_outputs/outputs,debug_episode_failure_20260228_203712.png,369037,2026-02-28T18:37:12.884Z,.png
gdrive:OCR_annotation_Atlas/local_outputs/outputs,debug_episode_failure_20260228_210637.html,234835,2026-02-28T19:06:37.703Z,.html
gdrive:OCR_annotation_Atlas/local_outputs/outputs,debug_episode_failure_20260228_210637.png,334000,2026-02-28T19:06:37.688Z,.png
gdrive:OCR_annotation_Atlas/local_outputs/outputs,debug_episode_failure_20260228_212111.html,530608,2026-02-28T19:21:15.373Z,.html
gdrive:OCR_annotation_Atlas/local_outputs/outputs,debug_episode_failure_20260228_212111.png,364205,2026-02-28T19:21:15.261Z,.png
gdrive:OCR_annotation_Atlas/local_outputs/outputs,debug_episode_failure_20260228_214217.html,233977,2026-02-28T19:42:21.300Z,.html
gdrive:OCR_annotation_Atlas/local_outputs/outputs,debug_episode_failure_20260228_214217.png,333943,2026-02-28T19:42:21.261Z,.png
gdrive:OCR_annotation_Atlas/local_outputs/outputs,debug_episode_failure_20260228_215834.html,530608,2026-02-28T19:58:38.094Z,.html
gdrive:OCR_annotation_Atlas/local_outputs/outputs,debug_episode_failure_20260228_215834.png,364188,2026-02-28T19:58:38.003Z,.png
gdrive:OCR_annotation_Atlas/local_outputs/outputs,debug_episode_failure_20260228_221925.html,234844,2026-02-28T20:19:25.519Z,.html
gdrive:OCR_annotation_Atlas/local_outputs/outputs,debug_episode_failure_20260228_221925.png,334034,2026-02-28T20:19:25.498Z,.png
gdrive:OCR_annotation_Atlas/local_outputs/outputs,debug_episode_failure_20260228_223338.html,530596,2026-02-28T20:33:40.418Z,.html
gdrive:OCR_annotation_Atlas/local_outputs/outputs,debug_episode_failure_20260228_223338.png,364195,2026-02-28T20:33:40.244Z,.png
gdrive:OCR_annotation_Atlas/local_outputs/outputs,debug_failure_20260224_181931.html,36884,2026-02-24T16:19:31.681Z,.html
gdrive:OCR_annotation_Atlas/local_outputs/outputs,debug_failure_20260224_181931.png,308859,2026-02-24T16:19:31.671Z,.png
gdrive:OCR_annotation_Atlas/local_outputs/outputs,debug_failure_20260224_182038.html,37004,2026-02-24T16:20:39.571Z,.html
gdrive:OCR_annotation_Atlas/local_outputs/outputs,debug_failure_20260224_182038.png,309313,2026-02-24T16:20:39.548Z,.png
gdrive:OCR_annotation_Atlas/local_outputs/outputs,debug_failure_20260225_083107.html,224748,2026-02-25T06:31:07.858Z,.html
gdrive:OCR_annotation_Atlas/local_outputs/outputs,debug_failure_20260225_083107.png,343700,2026-02-25T06:31:07.838Z,.png
gdrive:OCR_annotation_Atlas/local_outputs/outputs,debug_failure_20260225_153120.html,275116,2026-02-25T13:31:20.656Z,.html
gdrive:OCR_annotation_Atlas/local_outputs/outputs,debug_failure_20260225_153120.png,316005,2026-02-25T13:31:20.641Z,.png
gdrive:OCR_annotation_Atlas/local_outputs/outputs,debug_failure_20260225_163210.html,284944,2026-02-25T14:32:10.371Z,.html
gdrive:OCR_annotation_Atlas/local_outputs/outputs,debug_failure_20260225_163210.png,176489,2026-02-25T14:32:10.348Z,.png
gdrive:OCR_annotation_Atlas/local_outputs/outputs,debug_failure_20260225_224204.html,186696,2026-02-25T20:42:04.882Z,.html
gdrive:OCR_annotation_Atlas/local_outputs/outputs,debug_failure_20260225_224204.png,14348,2026-02-25T20:42:04.869Z,.png
gdrive:OCR_annotation_Atlas/local_outputs/outputs,debug_failure_20260225_230858.html,225119,2026-02-25T21:08:59.093Z,.html
gdrive:OCR_annotation_Atlas/local_outputs/outputs,debug_failure_20260225_230858.png,290320,2026-02-25T21:08:59.078Z,.png
gdrive:OCR_annotation_Atlas/local_outputs/outputs,debug_failure_20260225_232354.html,225349,2026-02-25T21:23:54.985Z,.html
gdrive:OCR_annotation_Atlas/local_outputs/outputs,debug_failure_20260225_232354.png,334718,2026-02-25T21:23:54.973Z,.png
gdrive:OCR_annotation_Atlas/local_outputs/outputs,debug_failure_20260225_233028.html,225655,2026-02-25T21:30:28.610Z,.html
gdrive:OCR_annotation_Atlas/local_outputs/outputs,debug_failure_20260225_233028.png,339571,2026-02-25T21:30:28.589Z,.png
gdrive:OCR_annotation_Atlas/local_outputs/outputs,debug_failure_20260225_234049.html,226100,2026-02-25T21:40:49.342Z,.html
gdrive:OCR_annotation_Atlas/local_outputs/outputs,debug_failure_20260225_234049.png,348534,2026-02-25T21:40:49.325Z,.png
gdrive:OCR_annotation_Atlas/local_outputs/outputs,debug_failure_20260225_235707.html,225661,2026-02-25T21:57:07.640Z,.html
gdrive:OCR_annotation_Atlas/local_outputs/outputs,debug_failure_20260225_235707.png,344166,2026-02-25T21:57:07.624Z,.png
gdrive:OCR_annotation_Atlas/local_outputs/outputs,debug_failure_20260226_003114.html,225119,2026-02-25T22:31:14.582Z,.html
gdrive:OCR_annotation_Atlas/local_outputs/outputs,debug_failure_20260226_003114.png,343637,2026-02-25T22:31:14.561Z,.png
gdrive:OCR_annotation_Atlas/local_outputs/outputs,debug_failure_20260226_003759.html,225119,2026-02-25T22:37:59.541Z,.html
gdrive:OCR_annotation_Atlas/local_outputs/outputs,debug_failure_20260226_003759.png,343644,2026-02-25T22:37:59.526Z,.png
gdrive:OCR_annotation_Atlas/local_outputs/outputs,debug_failure_20260226_005642.html,225107,2026-02-25T22:56:42.532Z,.html
gdrive:OCR_annotation_Atlas/local_outputs/outputs,debug_failure_20260226_005642.png,339153,2026-02-25T22:56:42.510Z,.png
gdrive:OCR_annotation_Atlas/local_outputs/outputs,debug_failure_20260226_010811.html,225349,2026-02-25T23:08:12.336Z,.html
gdrive:OCR_annotation_Atlas/local_outputs/outputs,debug_failure_20260226_010811.png,279722,2026-02-25T23:08:12.282Z,.png
gdrive:OCR_annotation_Atlas/local_outputs/outputs,debug_failure_20260226_011253.html,225119,2026-02-25T23:12:53.426Z,.html
gdrive:OCR_annotation_Atlas/local_outputs/outputs,debug_failure_20260226_011253.png,343672,2026-02-25T23:12:53.403Z,.png
gdrive:OCR_annotation_Atlas/local_outputs/outputs,debug_failure_20260226_013650.html,225116,2026-02-25T23:36:50.691Z,.html
gdrive:OCR_annotation_Atlas/local_outputs/outputs,debug_failure_20260226_013650.png,293580,2026-02-25T23:36:50.663Z,.png
gdrive:OCR_annotation_Atlas/local_outputs/outputs,debug_failure_20260226_060651.html,225224,2026-02-26T04:06:53.789Z,.html
gdrive:OCR_annotation_Atlas/local_outputs/outputs,debug_failure_20260226_060651.png,343669,2026-02-26T04:06:53.716Z,.png
gdrive:OCR_annotation_Atlas/local_outputs/outputs,debug_failure_20260226_064554.html,225236,2026-02-26T04:45:56.690Z,.html
gdrive:OCR_annotation_Atlas/local_outputs/outputs,debug_failure_20260226_064554.png,343607,2026-02-26T04:45:56.603Z,.png
gdrive:OCR_annotation_Atlas/local_outputs/outputs,debug_failure_20260226_124822.html,183739,2026-02-26T10:48:27.029Z,.html
gdrive:OCR_annotation_Atlas/local_outputs/outputs,debug_failure_20260226_124822.png,329322,2026-02-26T10:48:26.982Z,.png
gdrive:OCR_annotation_Atlas/local_outputs/outputs,debug_failure_20260226_165535.html,208640,2026-02-26T14:55:36.363Z,.html
gdrive:OCR_annotation_Atlas/local_outputs/outputs,debug_failure_20260226_165535.png,297935,2026-02-26T14:55:36.342Z,.png
gdrive:OCR_annotation_Atlas/local_outputs/outputs,debug_failure_20260226_183026.html,81068,2026-02-26T16:30:27.133Z,.html
gdrive:OCR_annotation_Atlas/local_outputs/outputs,debug_failure_20260226_183026.png,37745,2026-02-26T16:30:27.124Z,.png
gdrive:OCR_annotation_Atlas/local_outputs/outputs,debug_failure_20260226_190422.html,187309,2026-02-26T17:04:23.369Z,.html
gdrive:OCR_annotation_Atlas/local_outputs/outputs,debug_failure_20260226_190422.png,15537,2026-02-26T17:04:23.347Z,.png
gdrive:OCR_annotation_Atlas/local_outputs/outputs,debug_failure_20260226_190446.html,187309,2026-02-26T17:04:48.814Z,.html
gdrive:OCR_annotation_Atlas/local_outputs/outputs,debug_failure_20260226_190446.png,15537,2026-02-26T17:04:48.790Z,.png
gdrive:OCR_annotation_Atlas/local_outputs/outputs,debug_failure_20260226_190812.html,187309,2026-02-26T17:08:12.217Z,.html
gdrive:OCR_annotation_Atlas/local_outputs/outputs,debug_failure_20260226_190812.png,15537,2026-02-26T17:08:12.198Z,.png
gdrive:OCR_annotation_Atlas/local_outputs/outputs,debug_failure_20260226_190917.html,187309,2026-02-26T17:09:20.010Z,.html
gdrive:OCR_annotation_Atlas/local_outputs/outputs,debug_failure_20260226_190917.png,15537,2026-02-26T17:09:19.981Z,.png
gdrive:OCR_annotation_Atlas/local_outputs/outputs,debug_failure_20260226_191609.html,36774,2026-02-26T17:16:09.919Z,.html
gdrive:OCR_annotation_Atlas/local_outputs/outputs,debug_failure_20260226_191609.png,343722,2026-02-26T17:16:09.908Z,.png
gdrive:OCR_annotation_Atlas/local_outputs/outputs,debug_failure_20260226_191817.html,36774,2026-02-26T17:18:17.511Z,.html
gdrive:OCR_annotation_Atlas/local_outputs/outputs,debug_failure_20260226_191817.png,343421,2026-02-26T17:18:17.504Z,.png
gdrive:OCR_annotation_Atlas/local_outputs/outputs,debug_failure_20260226_193654.html,82041,2026-02-26T17:36:54.801Z,.html
gdrive:OCR_annotation_Atlas/local_outputs/outputs,debug_failure_20260226_193654.png,41244,2026-02-26T17:36:54.793Z,.png
gdrive:OCR_annotation_Atlas/local_outputs/outputs,debug_failure_20260227_004731.html,35687,2026-02-26T22:47:32.270Z,.html
gdrive:OCR_annotation_Atlas/local_outputs/outputs,debug_failure_20260227_004731.png,343603,2026-02-26T22:47:32.262Z,.png
gdrive:OCR_annotation_Atlas/local_outputs/outputs,debug_failure_20260227_004743.html,37004,2026-02-26T22:47:43.496Z,.html
gdrive:OCR_annotation_Atlas/local_outputs/outputs,debug_failure_20260227_004743.png,342886,2026-02-26T22:47:43.484Z,.png
gdrive:OCR_annotation_Atlas/local_outputs/outputs,debug_failure_20260227_064937.html,82042,2026-02-27T04:49:37.959Z,.html
gdrive:OCR_annotation_Atlas/local_outputs/outputs,debug_failure_20260227_064937.png,37841,2026-02-27T04:49:37.951Z,.png
gdrive:OCR_annotation_Atlas/local_outputs/outputs,debug_failure_20260228_053723.html,83980,2026-02-28T03:37:23.889Z,.html
gdrive:OCR_annotation_Atlas/local_outputs/outputs,debug_failure_20260228_053723.png,85057,2026-02-28T03:37:23.873Z,.png
gdrive:OCR_annotation_Atlas/local_outputs/outputs,debug_failure_20260228_224714.html,0,2026-02-28T20:47:44.917Z,.html
gdrive:OCR_annotation_Atlas/local_outputs/outputs,feedback_export_recheck.log,434,2026-02-27T12:23:48.691Z,.log
gdrive:OCR_annotation_Atlas/local_outputs/outputs,feedback_export_smoke.log,434,2026-02-27T12:20:02.551Z,.log
gdrive:OCR_annotation_Atlas/local_outputs/outputs,feedback_training_run.log,320,2026-02-27T11:51:35.229Z,.log
gdrive:OCR_annotation_Atlas/local_outputs/outputs,feedback_training_run_with_gemini.log,320,2026-02-27T11:57:54.583Z,.log
gdrive:OCR_annotation_Atlas/local_outputs/outputs,gemini_labels_cache_68c3f1ac1e0d1d81b7edf691.json,3217,2026-02-28T15:08:06.547Z,.json
gdrive:OCR_annotation_Atlas/local_outputs/outputs,gemini_labels_cache_68d0fbec7b066cb2c7f29719.json,2639,2026-02-27T10:01:34.165Z,.json
gdrive:OCR_annotation_Atlas/local_outputs/outputs,gemini_labels_cache_68d255774b1c32266ea180f4.json,1145,2026-02-28T00:23:25.333Z,.json
gdrive:OCR_annotation_Atlas/local_outputs/outputs,gemini_labels_cache_68d27f43593c576a5a68eeb1.json,704,2026-02-28T02:18:49.462Z,.json
gdrive:OCR_annotation_Atlas/local_outputs/outputs,gemini_labels_cache_68d30cd24279056a87185772.json,4173,2026-02-26T23:33:21.920Z,.json
gdrive:OCR_annotation_Atlas/local_outputs/outputs,gemini_labels_cache_68d35db9c03c89e6ffdb1889.json,687,2026-02-27T12:28:56.454Z,.json
gdrive:OCR_annotation_Atlas/local_outputs/outputs,gemini_labels_cache_68d35eef6427d8caac511771.json,3957,2026-02-28T02:57:04.632Z,.json
gdrive:OCR_annotation_Atlas/local_outputs/outputs,gemini_labels_cache_68d392616fbe40458fa40f4c.json,9968,2026-02-27T00:19:42.467Z,.json
gdrive:OCR_annotation_Atlas/local_outputs/outputs,gemini_labels_cache_68d3b4bb0ae7e3f9414a1e80.json,8254,2026-02-26T22:53:47.781Z,.json
gdrive:OCR_annotation_Atlas/local_outputs/outputs,gemini_labels_cache_68d3d77c181a3411ed1460f9.json,2350,2026-02-27T11:01:28.459Z,.json
gdrive:OCR_annotation_Atlas/local_outputs/outputs,gemini_labels_cache_68d3eea91a5fd3e72b5cfee9.json,1943,2026-02-27T12:40:42.888Z,.json
gdrive:OCR_annotation_Atlas/local_outputs/outputs,gemini_labels_cache_68d3f5739ad4e83f3cd10e3f.json,5937,2026-02-26T23:03:35.961Z,.json
gdrive:OCR_annotation_Atlas/local_outputs/outputs,gemini_labels_cache_68d3fbdf737c6330c3e78843.json,3525,2026-02-27T01:02:47.253Z,.json
gdrive:OCR_annotation_Atlas/local_outputs/outputs,gemini_labels_cache_68d3fc80963606becec188d3.json,5636,2026-02-27T19:07:15.967Z,.json
gdrive:OCR_annotation_Atlas/local_outputs/outputs,gemini_labels_cache_68d3ff6fd5da0393353cb5ff.json,1119,2026-02-28T14:11:02.949Z,.json
gdrive:OCR_annotation_Atlas/local_outputs/outputs,gemini_labels_cache_68d43e8a92167fffa6059988.json,5548,2026-02-27T02:28:57.502Z,.json
gdrive:OCR_annotation_Atlas/local_outputs/outputs,gemini_labels_cache_68d43f556a28a17b71a80053.json,3985,2026-02-26T23:12:44.408Z,.json
gdrive:OCR_annotation_Atlas/local_outputs/outputs,gemini_labels_cache_68d43fe6e3ac7b738e9a184e.json,4194,2026-02-27T02:35:52.940Z,.json
gdrive:OCR_annotation_Atlas/local_outputs/outputs,gemini_labels_cache_68e3470ff350f31a886d6c34.json,1523,2026-02-26T23:14:47.693Z,.json
gdrive:OCR_annotation_Atlas/local_outputs/outputs,gemini_labels_cache_68e34ddfb8f287e0fcd02b25.json,4234,2026-02-26T23:24:58.069Z,.json
gdrive:OCR_annotation_Atlas/local_outputs/outputs,gemini_labels_cache_68e58b9189109caed5ef12c8.json,1694,2026-02-27T02:51:01.679Z,.json
gdrive:OCR_annotation_Atlas/local_outputs/outputs,gemini_labels_cache_68e58b9189109caed5ef12c9.json,2146,2026-02-27T02:57:33.407Z,.json
gdrive:OCR_annotation_Atlas/local_outputs/outputs,gemini_labels_cache_68e63c8c5126e2d5fa222f02.json,8944,2026-02-27T01:19:36.938Z,.json
gdrive:OCR_annotation_Atlas/local_outputs/outputs,gemini_labels_cache_68ebc63edd730ae04eea6739.json,523,2026-02-28T02:37:57.239Z,.json
gdrive:OCR_annotation_Atlas/local_outputs/outputs,gemini_labels_cache_68ec1852629a1b7aa8567715.json,2092,2026-02-26T17:31:44.696Z,.json
gdrive:OCR_annotation_Atlas/local_outputs/outputs,gemini_labels_cache_68ec1b58251361abf298e0ce.json,1325,2026-02-27T02:44:08.104Z,.json
gdrive:OCR_annotation_Atlas/local_outputs/outputs,gemini_labels_cache_68ecf842f47952d368a673ef.json,2145,2026-02-27T11:07:41.119Z,.json
gdrive:OCR_annotation_Atlas/local_outputs/outputs,gemini_labels_cache_68ed9db192b3737830533b65.json,1807,2026-02-27T03:30:44.441Z,.json
gdrive:OCR_annotation_Atlas/local_outputs/outputs,gemini_labels_cache_68edba1e92b3737830533be5.json,855,2026-02-27T02:18:17.563Z,.json
gdrive:OCR_annotation_Atlas/local_outputs/outputs,gemini_labels_cache_68eddb1555aa22d83ab0ee2b.json,3672,2026-02-27T03:14:13.205Z,.json
gdrive:OCR_annotation_Atlas/local_outputs/outputs,gemini_labels_cache_68edeea12cf9a91061e72b50.json,1829,2026-02-27T12:44:47.579Z,.json
gdrive:OCR_annotation_Atlas/local_outputs/outputs,gemini_labels_cache_68edfecfdb3a74f2cf45aa91.json,891,2026-02-28T00:26:47.220Z,.json
gdrive:OCR_annotation_Atlas/local_outputs/outputs,gemini_labels_cache_68ee5f9112fd60d4a9f62f34.json,2313,2026-02-28T02:30:43.461Z,.json
gdrive:OCR_annotation_Atlas/local_outputs/outputs,gemini_labels_cache_68ee92df5423a5e7f4d6fcbd.json,1469,2026-02-27T03:21:31.859Z,.json
gdrive:OCR_annotation_Atlas/local_outputs/outputs,gemini_labels_cache_68ee9e1c4cde55c7fcb2d267.json,7097,2026-02-27T10:08:14.596Z,.json
gdrive:OCR_annotation_Atlas/local_outputs/outputs,gemini_labels_cache_68eefb3a45bc7b3f72551226.json,4344,2026-02-27T10:16:43.825Z,.json
gdrive:OCR_annotation_Atlas/local_outputs/outputs,gemini_labels_cache_68eefb5ae6e0fe0709372e7b.json,3489,2026-02-27T18:21:09.446Z,.json
gdrive:OCR_annotation_Atlas/local_outputs/outputs,gemini_labels_cache_68ef3d8cf0eef07129121f8b.json,5403,2026-02-27T17:12:08.633Z,.json
gdrive:OCR_annotation_Atlas/local_outputs/outputs,gemini_labels_cache_68ef770bcd14a48e6cb6c918.json,638,2026-02-26T13:28:52.029Z,.json
gdrive:OCR_annotation_Atlas/local_outputs/outputs,gemini_labels_cache_68ef817a452f79f8347f6404.json,1658,2026-02-27T18:40:17.723Z,.json
gdrive:OCR_annotation_Atlas/local_outputs/outputs,gemini_labels_cache_68f0b12430c92357e8a6cc86.json,554,2026-02-28T02:49:15.668Z,.json
gdrive:OCR_annotation_Atlas/local_outputs/outputs,gemini_labels_cache_68f0dee1a3148ee13c12dc80.json,617,2026-02-28T02:47:43.475Z,.json
gdrive:OCR_annotation_Atlas/local_outputs/outputs,gemini_labels_cache_68f15786562a5affe7463064.json,7317,2026-02-28T04:06:05.261Z,.json
gdrive:OCR_annotation_Atlas/local_outputs/outputs,gemini_labels_cache_68f17a9c1f665129c95100dd.json,602,2026-02-27T16:45:58.965Z,.json
gdrive:OCR_annotation_Atlas/local_outputs/outputs,gemini_labels_cache_68f2b743149dc6195a229a98.json,605,2026-02-27T14:59:59.583Z,.json
gdrive:OCR_annotation_Atlas/local_outputs/outputs,gemini_labels_cache_68f317d89005688c06a6a7e1.json,2757,2026-02-26T16:24:47.701Z,.json
gdrive:OCR_annotation_Atlas/local_outputs/outputs,gemini_labels_cache_68fac07cf5dbb2ea4acdac0f.json,1825,2026-02-28T02:35:12.175Z,.json
gdrive:OCR_annotation_Atlas/local_outputs/outputs,gemini_labels_cache_6902582409e755fd3e02ec6f.json,4656,2026-02-28T20:43:07.670Z,.json
gdrive:OCR_annotation_Atlas/local_outputs/outputs,gemini_labels_cache_6903dfa9a59c9682161d851a.json,9343,2026-02-27T13:43:01.278Z,.json
gdrive:OCR_annotation_Atlas/local_outputs/outputs,gemini_labels_cache_69040c255942818c57e8101e.json,870,2026-02-27T20:35:55.753Z,.json
gdrive:OCR_annotation_Atlas/local_outputs/outputs,gemini_labels_cache_6904f8384464a0b5fa460d2c.json,4640,2026-02-27T18:48:38.059Z,.json
gdrive:OCR_annotation_Atlas/local_outputs/outputs,gemini_labels_cache_6905ba8779a300fa5142f2c4.json,1436,2026-02-27T16:59:43.943Z,.json
gdrive:OCR_annotation_Atlas/local_outputs/outputs,gemini_labels_cache_6905ee72793ca147db5fab4a.json,1722,2026-02-28T00:31:42.091Z,.json
gdrive:OCR_annotation_Atlas/local_outputs/outputs,gemini_labels_cache_6906e37c5b58bcc52dfd08fd.json,1686,2026-02-27T10:22:56.013Z,.json
gdrive:OCR_annotation_Atlas/local_outputs/outputs,gemini_labels_cache_6906e456130028964664afd6.json,3956,2026-02-27T10:28:55.249Z,.json
gdrive:OCR_annotation_Atlas/local_outputs/outputs,gemini_labels_cache_6908124693915a8a59a6e999.json,4368,2026-02-27T14:29:26.678Z,.json
gdrive:OCR_annotation_Atlas/local_outputs/outputs,gemini_labels_cache_69081c32eeb4798a4062a814.json,6411,2026-02-27T21:34:09.624Z,.json
gdrive:OCR_annotation_Atlas/local_outputs/outputs,gemini_labels_cache_6908258fcf92d35e606e9512.json,6732,2026-02-27T21:51:23.211Z,.json
gdrive:OCR_annotation_Atlas/local_outputs/outputs,gemini_labels_cache_690826bdcda830d760e2a27e.json,1980,2026-02-27T22:14:58.691Z,.json
gdrive:OCR_annotation_Atlas/local_outputs/outputs,gemini_labels_cache_690826ec79a300fa5142f786.json,4349,2026-02-27T22:04:39.897Z,.json
gdrive:OCR_annotation_Atlas/local_outputs/outputs,gemini_labels_cache_69082a5fa79d5a3e6dbece4d.json,3632,2026-02-28T02:23:42.144Z,.json
gdrive:OCR_annotation_Atlas/local_outputs/outputs,gemini_labels_cache_6908310d84d22199a55faf08.json,2259,2026-02-27T16:52:25.169Z,.json
gdrive:OCR_annotation_Atlas/local_outputs/outputs,gemini_labels_cache_6908464283a2f3b1d89471ba.json,2888,2026-02-26T10:07:48.758Z,.json
gdrive:OCR_annotation_Atlas/local_outputs/outputs,gemini_labels_cache_6908499da227377d9cd05065.json,1231,2026-02-28T03:39:31.681Z,.json
gdrive:OCR_annotation_Atlas/local_outputs/outputs,gemini_labels_cache_690870979a8a8155e21eeb77.json,1289,2026-02-27T14:36:05.072Z,.json
gdrive:OCR_annotation_Atlas/local_outputs/outputs,gemini_labels_cache_6908abf4b52f00738139ecc5.json,2255,2026-02-27T15:08:43.061Z,.json
gdrive:OCR_annotation_Atlas/local_outputs/outputs,gemini_labels_cache_6908cc2b328d0cc4786f62ca.json,1865,2026-02-28T18:50:51.546Z,.json
gdrive:OCR_annotation_Atlas/local_outputs/outputs,gemini_labels_cache_6908da42585c8c54c5162677.json,3196,2026-02-27T14:15:53.488Z,.json
gdrive:OCR_annotation_Atlas/local_outputs/outputs,gemini_labels_cache_6908db5fe4c1fb08efd4af2e.json,4588,2026-02-27T11:14:25.814Z,.json
gdrive:OCR_annotation_Atlas/local_outputs/outputs,gemini_labels_cache_69097cba801307bbf93be1e2.json,2907,2026-02-27T15:20:32.732Z,.json
gdrive:OCR_annotation_Atlas/local_outputs/outputs,gemini_labels_cache_690aa679ab10069f8a6cbaaa.json,3993,2026-02-27T11:24:25.493Z,.json
gdrive:OCR_annotation_Atlas/local_outputs/outputs,gemini_labels_cache_690aac914598106001a9717e.json,1754,2026-02-26T10:53:14.527Z,.json
gdrive:OCR_annotation_Atlas/local_outputs/outputs,labels_68c3f1ac1e0d1d81b7edf691.json,3217,2026-02-28T15:09:12.019Z,.json
gdrive:OCR_annotation_Atlas/local_outputs/outputs,labels_68d0fbec7b066cb2c7f29719.json,2639,2026-02-27T10:02:04.011Z,.json
gdrive:OCR_annotation_Atlas/local_outputs/outputs,labels_68d255774b1c32266ea180f4.json,1145,2026-02-28T00:23:25.344Z,.json
gdrive:OCR_annotation_Atlas/local_outputs/outputs,labels_68d27f43593c576a5a68eeb1.json,704,2026-02-28T02:18:49.468Z,.json
gdrive:OCR_annotation_Atlas/local_outputs/outputs,labels_68d30cd24279056a87185772.json,4173,2026-02-26T23:34:48.697Z,.json
gdrive:OCR_annotation_Atlas/local_outputs/outputs,labels_68d35db9c03c89e6ffdb1889.json,687,2026-02-27T12:28:56.465Z,.json
gdrive:OCR_annotation_Atlas/local_outputs/outputs,labels_68d35eef6427d8caac511771.json,3957,2026-02-28T02:58:08.550Z,.json
gdrive:OCR_annotation_Atlas/local_outputs/outputs,labels_68d392616fbe40458fa40f4c.json,9968,2026-02-27T00:23:15.052Z,.json
gdrive:OCR_annotation_Atlas/local_outputs/outputs,labels_68d3b4bb0ae7e3f9414a1e80.json,8254,2026-02-26T22:56:12.262Z,.json
gdrive:OCR_annotation_Atlas/local_outputs/outputs,labels_68d3d77c181a3411ed1460f9.json,2350,2026-02-27T11:01:45.381Z,.json
gdrive:OCR_annotation_Atlas/local_outputs/outputs,labels_68d3eea91a5fd3e72b5cfee9.json,1943,2026-02-27T12:40:42.894Z,.json
gdrive:OCR_annotation_Atlas/local_outputs/outputs,labels_68d3f5739ad4e83f3cd10e3f.json,5937,2026-02-26T23:05:17.624Z,.json
gdrive:OCR_annotation_Atlas/local_outputs/outputs,labels_68d3fbdf737c6330c3e78843.json,3525,2026-02-27T01:02:47.287Z,.json
gdrive:OCR_annotation_Atlas/local_outputs/outputs,labels_68d3fc80963606becec188d3.json,5636,2026-02-27T19:07:15.989Z,.json
gdrive:OCR_annotation_Atlas/local_outputs/outputs,labels_68d3ff6fd5da0393353cb5ff.json,1119,2026-02-28T14:11:02.958Z,.json
gdrive:OCR_annotation_Atlas/local_outputs/outputs,labels_68d43e8a92167fffa6059988.json,5548,2026-02-27T02:28:57.510Z,.json
gdrive:OCR_annotation_Atlas/local_outputs/outputs,labels_68d43f556a28a17b71a80053.json,3985,2026-02-26T23:12:44.420Z,.json
gdrive:OCR_annotation_Atlas/local_outputs/outputs,labels_68d43fe6e3ac7b738e9a184e.json,4194,2026-02-27T02:36:13.339Z,.json
gdrive:OCR_annotation_Atlas/local_outputs/outputs,labels_68e3470ff350f31a886d6c34.json,1523,2026-02-26T23:15:17.948Z,.json
gdrive:OCR_annotation_Atlas/local_outputs/outputs,labels_68e34ddfb8f287e0fcd02b25.json,4234,2026-02-26T23:24:58.082Z,.json
gdrive:OCR_annotation_Atlas/local_outputs/outputs,labels_68e58b9189109caed5ef12c8.json,1694,2026-02-27T02:51:01.698Z,.json
gdrive:OCR_annotation_Atlas/local_outputs/outputs,labels_68e58b9189109caed5ef12c9.json,2146,2026-02-27T02:57:33.424Z,.json
gdrive:OCR_annotation_Atlas/local_outputs/outputs,labels_68e63c8c5126e2d5fa222f02.json,8944,2026-02-27T01:19:37.006Z,.json
gdrive:OCR_annotation_Atlas/local_outputs/outputs,labels_68ebc63edd730ae04eea6739.json,523,2026-02-28T02:37:57.244Z,.json
gdrive:OCR_annotation_Atlas/local_outputs/outputs,labels_68ec1852629a1b7aa8567715.json,2092,2026-02-26T17:31:44.699Z,.json
gdrive:OCR_annotation_Atlas/local_outputs/outputs,labels_68ec1b58251361abf298e0ce.json,1325,2026-02-27T02:44:08.112Z,.json
gdrive:OCR_annotation_Atlas/local_outputs/outputs,labels_68ecf842f47952d368a673ef.json,2145,2026-02-27T11:08:17.279Z,.json
gdrive:OCR_annotation_Atlas/local_outputs/outputs,labels_68ed9db192b3737830533b65.json,1807,2026-02-27T03:31:23.673Z,.json
gdrive:OCR_annotation_Atlas/local_outputs/outputs,labels_68edba1e92b3737830533be5.json,855,2026-02-27T02:18:27.465Z,.json
gdrive:OCR_annotation_Atlas/local_outputs/outputs,labels_68eddb1555aa22d83ab0ee2b.json,3672,2026-02-27T03:14:13.220Z,.json
gdrive:OCR_annotation_Atlas/local_outputs/outputs,labels_68edeea12cf9a91061e72b50.json,1829,2026-02-27T12:45:29.096Z,.json
gdrive:OCR_annotation_Atlas/local_outputs/outputs,labels_68edfecfdb3a74f2cf45aa91.json,891,2026-02-28T00:26:47.244Z,.json
gdrive:OCR_annotation_Atlas/local_outputs/outputs,labels_68ee5f9112fd60d4a9f62f34.json,2313,2026-02-28T02:31:14.449Z,.json
gdrive:OCR_annotation_Atlas/local_outputs/outputs,labels_68ee92df5423a5e7f4d6fcbd.json,1469,2026-02-27T03:21:42.007Z,.json
gdrive:OCR_annotation_Atlas/local_outputs/outputs,labels_68ee9e1c4cde55c7fcb2d267.json,7097,2026-02-27T10:09:53.129Z,.json
gdrive:OCR_annotation_Atlas/local_outputs/outputs,labels_68eefb3a45bc7b3f72551226.json,4344,2026-02-27T10:18:05.914Z,.json
gdrive:OCR_annotation_Atlas/local_outputs/outputs,labels_68eefb5ae6e0fe0709372e7b.json,3489,2026-02-27T18:23:03.924Z,.json
gdrive:OCR_annotation_Atlas/local_outputs/outputs,labels_68ef3d8cf0eef07129121f8b.json,5403,2026-02-27T17:12:08.646Z,.json
gdrive:OCR_annotation_Atlas/local_outputs/outputs,labels_68ef770bcd14a48e6cb6c918.json,638,2026-02-26T13:28:52.035Z,.json
gdrive:OCR_annotation_Atlas/local_outputs/outputs,labels_68ef817a452f79f8347f6404.json,1658,2026-02-27T18:40:17.737Z,.json
gdrive:OCR_annotation_Atlas/local_outputs/outputs,labels_68f0b12430c92357e8a6cc86.json,554,2026-02-28T02:49:25.580Z,.json
gdrive:OCR_annotation_Atlas/local_outputs/outputs,labels_68f0dee1a3148ee13c12dc80.json,617,2026-02-28T02:47:43.482Z,.json
gdrive:OCR_annotation_Atlas/local_outputs/outputs,labels_68f15786562a5affe7463064.json,7317,2026-02-28T04:08:01.572Z,.json
gdrive:OCR_annotation_Atlas/local_outputs/outputs,labels_68f17a9c1f665129c95100dd.json,602,2026-02-27T16:45:58.973Z,.json
gdrive:OCR_annotation_Atlas/local_outputs/outputs,labels_68f2b743149dc6195a229a98.json,605,2026-02-27T14:59:59.613Z,.json
gdrive:OCR_annotation_Atlas/local_outputs/outputs,labels_68f317d89005688c06a6a7e1.json,2757,2026-02-26T16:25:07.818Z,.json
gdrive:OCR_annotation_Atlas/local_outputs/outputs,labels_68fac07cf5dbb2ea4acdac0f.json,1825,2026-02-28T02:35:42.050Z,.json
gdrive:OCR_annotation_Atlas/local_outputs/outputs,labels_6902582409e755fd3e02ec6f.json,4656,2026-02-28T20:43:42.870Z,.json
gdrive:OCR_annotation_Atlas/local_outputs/outputs,labels_6903dfa9a59c9682161d851a.json,9343,2026-02-27T13:44:54.504Z,.json
gdrive:OCR_annotation_Atlas/local_outputs/outputs,labels_69040c255942818c57e8101e.json,870,2026-02-27T20:36:05.514Z,.json
gdrive:OCR_annotation_Atlas/local_outputs/outputs,labels_6904f8384464a0b5fa460d2c.json,4640,2026-02-27T18:50:44.471Z,.json
gdrive:OCR_annotation_Atlas/local_outputs/outputs,labels_6905ba8779a300fa5142f2c4.json,1436,2026-02-27T16:59:43.951Z,.json
gdrive:OCR_annotation_Atlas/local_outputs/outputs,labels_6905ee72793ca147db5fab4a.json,1722,2026-02-28T00:32:11.787Z,.json
gdrive:OCR_annotation_Atlas/local_outputs/outputs,labels_6906e37c5b58bcc52dfd08fd.json,1686,2026-02-27T10:22:56.016Z,.json
gdrive:OCR_annotation_Atlas/local_outputs/outputs,labels_6906e456130028964664afd6.json,3956,2026-02-27T10:28:55.251Z,.json
gdrive:OCR_annotation_Atlas/local_outputs/outputs,labels_6908124693915a8a59a6e999.json,4368,2026-02-27T14:31:18.616Z,.json
gdrive:OCR_annotation_Atlas/local_outputs/outputs,labels_69081c32eeb4798a4062a814.json,6411,2026-02-27T21:34:09.639Z,.json
gdrive:OCR_annotation_Atlas/local_outputs/outputs,labels_6908258fcf92d35e606e9512.json,6732,2026-02-27T21:52:27.479Z,.json
gdrive:OCR_annotation_Atlas/local_outputs/outputs,labels_690826bdcda830d760e2a27e.json,1980,2026-02-27T22:14:58.697Z,.json
gdrive:OCR_annotation_Atlas/local_outputs/outputs,labels_690826ec79a300fa5142f786.json,4349,2026-02-27T22:06:01.354Z,.json
gdrive:OCR_annotation_Atlas/local_outputs/outputs,labels_69082a5fa79d5a3e6dbece4d.json,3632,2026-02-28T02:24:51.604Z,.json
gdrive:OCR_annotation_Atlas/local_outputs/outputs,labels_6908310d84d22199a55faf08.json,2259,2026-02-27T16:53:05.800Z,.json
gdrive:OCR_annotation_Atlas/local_outputs/outputs,labels_6908464283a2f3b1d89471ba.json,2888,2026-02-26T10:07:48.788Z,.json
gdrive:OCR_annotation_Atlas/local_outputs/outputs,labels_6908499da227377d9cd05065.json,1231,2026-02-28T03:39:47.272Z,.json
gdrive:OCR_annotation_Atlas/local_outputs/outputs,labels_690870979a8a8155e21eeb77.json,1289,2026-02-27T14:36:15.397Z,.json
gdrive:OCR_annotation_Atlas/local_outputs/outputs,labels_6908abf4b52f00738139ecc5.json,2255,2026-02-27T15:09:29.141Z,.json
gdrive:OCR_annotation_Atlas/local_outputs/outputs,labels_6908cc2b328d0cc4786f62ca.json,1865,2026-02-28T18:50:51.560Z,.json
gdrive:OCR_annotation_Atlas/local_outputs/outputs,labels_6908da42585c8c54c5162677.json,3196,2026-02-27T14:16:43.112Z,.json
gdrive:OCR_annotation_Atlas/local_outputs/outputs,labels_6908db5fe4c1fb08efd4af2e.json,4588,2026-02-27T11:16:46.221Z,.json
gdrive:OCR_annotation_Atlas/local_outputs/outputs,labels_69097cba801307bbf93be1e2.json,2907,2026-02-27T15:20:32.743Z,.json
gdrive:OCR_annotation_Atlas/local_outputs/outputs,labels_690aa679ab10069f8a6cbaaa.json,3993,2026-02-27T11:25:08.041Z,.json
gdrive:OCR_annotation_Atlas/local_outputs/outputs,labels_690aac914598106001a9717e.json,1754,2026-02-26T10:53:14.542Z,.json
gdrive:OCR_annotation_Atlas/local_outputs/outputs,ops_actions_20260227_165804.jsonl,1279,2026-02-27T21:22:54.080Z,.jsonl
gdrive:OCR_annotation_Atlas/local_outputs/outputs,ops_actions_20260227_234429.jsonl,925,2026-02-27T21:44:29.737Z,.jsonl
gdrive:OCR_annotation_Atlas/local_outputs/outputs,ops_actions_20260228_020359.jsonl,1634,2026-02-28T00:15:25.813Z,.jsonl
gdrive:OCR_annotation_Atlas/local_outputs/outputs,ops_actions_20260228_021758.jsonl,3763,2026-02-28T00:21:58.956Z,.jsonl
gdrive:OCR_annotation_Atlas/local_outputs/outputs,ops_actions_20260228_041509.jsonl,927,2026-02-28T02:15:09.553Z,.jsonl
gdrive:OCR_annotation_Atlas/local_outputs/outputs,ops_actions_20260228_052337.jsonl,1281,2026-02-28T03:37:37.962Z,.jsonl
gdrive:OCR_annotation_Atlas/local_outputs/outputs,ops_actions_20260228_054838.jsonl,2875,2026-02-28T20:47:57.066Z,.jsonl
gdrive:OCR_annotation_Atlas/local_outputs/outputs,ops_incidents_20260227_165804.jsonl,472,2026-02-27T21:43:29.280Z,.jsonl
gdrive:OCR_annotation_Atlas/local_outputs/outputs,ops_incidents_20260227_234429.jsonl,429,2026-02-27T23:12:11.200Z,.jsonl
gdrive:OCR_annotation_Atlas/local_outputs/outputs,ops_incidents_20260228_020359.jsonl,549,2026-02-28T00:15:15.807Z,.jsonl
gdrive:OCR_annotation_Atlas/local_outputs/outputs,ops_incidents_20260228_021758.jsonl,1592,2026-02-28T00:21:48.949Z,.jsonl
gdrive:OCR_annotation_Atlas/local_outputs/outputs,ops_incidents_20260228_041509.jsonl,289,2026-02-28T03:12:04.895Z,.jsonl
gdrive:OCR_annotation_Atlas/local_outputs/outputs,ops_incidents_20260228_052337.jsonl,472,2026-02-28T03:41:27.987Z,.jsonl
gdrive:OCR_annotation_Atlas/local_outputs/outputs,ops_incidents_20260228_054838.jsonl,1254,2026-02-28T23:57:24.834Z,.jsonl
gdrive:OCR_annotation_Atlas/local_outputs/outputs,preflight.log,4612,2026-02-25T19:18:17.770Z,.log
gdrive:OCR_annotation_Atlas/local_outputs/outputs,preflight_after_fix.log,1266,2026-02-25T20:51:47.517Z,.log
gdrive:OCR_annotation_Atlas/local_outputs/outputs,preflight_after_resume_fix.log,3748,2026-02-25T21:07:33.402Z,.log
gdrive:OCR_annotation_Atlas/local_outputs/outputs,preflight_after_unblock.log,15772,2026-02-25T06:31:08.380Z,.log
gdrive:OCR_annotation_Atlas/local_outputs/outputs,preflight_before_execute_check.log,5294,2026-02-25T16:57:24.936Z,.log
gdrive:OCR_annotation_Atlas/local_outputs/outputs,preflight_fix.log,4462,2026-02-25T19:45:18.973Z,.log
gdrive:OCR_annotation_Atlas/local_outputs/outputs,preflight_fresh.log,5516,2026-02-25T19:28:57.751Z,.log
gdrive:OCR_annotation_Atlas/local_outputs/outputs,preflight_retry_fix.log,4672,2026-02-25T08:01:26.844Z,.log
gdrive:OCR_annotation_Atlas/local_outputs/outputs,preflight_speed.log,3614,2026-02-25T20:08:42.594Z,.log
gdrive:OCR_annotation_Atlas/local_outputs/outputs,preflight_speed2.log,3614,2026-02-25T20:14:27.539Z,.log
gdrive:OCR_annotation_Atlas/local_outputs/outputs,preflight_speed_ab.log,3200,2026-02-25T20:18:05.114Z,.log
gdrive:OCR_annotation_Atlas/local_outputs/outputs,preflight_timed.log,4316,2026-02-25T20:21:07.364Z,.log
gdrive:OCR_annotation_Atlas/local_outputs/outputs,preflight_timed2.log,4476,2026-02-25T20:24:57.209Z,.log
gdrive:OCR_annotation_Atlas/local_outputs/outputs,preflight_timed3.log,4476,2026-02-25T20:28:39.324Z,.log
gdrive:OCR_annotation_Atlas/local_outputs/outputs,preflight_timed4.log,4476,2026-02-25T20:32:25.303Z,.log
gdrive:OCR_annotation_Atlas/local_outputs/outputs,preflight_timed5.log,4476,2026-02-25T20:35:31.286Z,.log
gdrive:OCR_annotation_Atlas/local_outputs/outputs,preflight_upload_opt_pathcheck.log,4542,2026-02-25T23:12:21.734Z,.log
gdrive:OCR_annotation_Atlas/local_outputs/outputs,preflight_upload_opt_test.log,4706,2026-02-25T23:08:13.126Z,.log
gdrive:OCR_annotation_Atlas/local_outputs/outputs,preflight_video_fix.log,7762,2026-02-25T22:37:59.912Z,.log
gdrive:OCR_annotation_Atlas/local_outputs/outputs,prompt_68c3f1ac1e0d1d81b7edf691.txt,3478,2026-02-28T15:09:12.018Z,.txt
gdrive:OCR_annotation_Atlas/local_outputs/outputs,prompt_68d0fbec7b066cb2c7f29719.txt,4908,2026-02-27T10:02:04.010Z,.txt
gdrive:OCR_annotation_Atlas/local_outputs/outputs,prompt_68d255774b1c32266ea180f4.txt,3140,2026-02-28T00:23:25.342Z,.txt
gdrive:OCR_annotation_Atlas/local_outputs/outputs,prompt_68d27f43593c576a5a68eeb1.txt,2807,2026-02-28T02:18:49.467Z,.txt
gdrive:OCR_annotation_Atlas/local_outputs/outputs,prompt_68d30cd24279056a87185772.txt,3514,2026-02-26T23:34:48.695Z,.txt
gdrive:OCR_annotation_Atlas/local_outputs/outputs,prompt_68d35db9c03c89e6ffdb1889.txt,2588,2026-02-27T12:28:56.464Z,.txt
gdrive:OCR_annotation_Atlas/local_outputs/outputs,prompt_68d35eef6427d8caac511771.txt,5469,2026-02-28T02:58:08.548Z,.txt
gdrive:OCR_annotation_Atlas/local_outputs/outputs,prompt_68d392616fbe40458fa40f4c.txt,5493,2026-02-27T00:23:15.047Z,.txt
gdrive:OCR_annotation_Atlas/local_outputs/outputs,prompt_68d3b4bb0ae7e3f9414a1e80.txt,7692,2026-02-26T22:56:12.260Z,.txt
gdrive:OCR_annotation_Atlas/local_outputs/outputs,prompt_68d3d77c181a3411ed1460f9.txt,4399,2026-02-27T11:01:45.381Z,.txt
gdrive:OCR_annotation_Atlas/local_outputs/outputs,prompt_68d3eea91a5fd3e72b5cfee9.txt,4538,2026-02-27T12:40:42.893Z,.txt
gdrive:OCR_annotation_Atlas/local_outputs/outputs,prompt_68d3f5739ad4e83f3cd10e3f.txt,6154,2026-02-26T23:05:17.622Z,.txt
gdrive:OCR_annotation_Atlas/local_outputs/outputs,prompt_68d3fbdf737c6330c3e78843.txt,5609,2026-02-27T01:02:47.282Z,.txt
gdrive:OCR_annotation_Atlas/local_outputs/outputs,prompt_68d3fc80963606becec188d3.txt,7727,2026-02-27T19:07:15.987Z,.txt
gdrive:OCR_annotation_Atlas/local_outputs/outputs,prompt_68d3ff6fd5da0393353cb5ff.txt,3351,2026-02-28T14:11:02.956Z,.txt
gdrive:OCR_annotation_Atlas/local_outputs/outputs,prompt_68d43e8a92167fffa6059988.txt,8953,2026-02-27T02:28:57.509Z,.txt
gdrive:OCR_annotation_Atlas/local_outputs/outputs,prompt_68d43f556a28a17b71a80053.txt,6265,2026-02-26T23:12:44.417Z,.txt
gdrive:OCR_annotation_Atlas/local_outputs/outputs,prompt_68d43fe6e3ac7b738e9a184e.txt,6575,2026-02-27T02:36:13.334Z,.txt
gdrive:OCR_annotation_Atlas/local_outputs/outputs,prompt_68e3470ff350f31a886d6c34.txt,2296,2026-02-26T23:15:17.947Z,.txt
gdrive:OCR_annotation_Atlas/local_outputs/outputs,prompt_68e34ddfb8f287e0fcd02b25.txt,7132,2026-02-26T23:24:58.080Z,.txt
gdrive:OCR_annotation_Atlas/local_outputs/outputs,prompt_68e58b9189109caed5ef12c8.txt,3803,2026-02-27T02:51:01.695Z,.txt
gdrive:OCR_annotation_Atlas/local_outputs/outputs,prompt_68e58b9189109caed5ef12c9.txt,4546,2026-02-27T02:57:33.422Z,.txt
gdrive:OCR_annotation_Atlas/local_outputs/outputs,prompt_68e63c8c5126e2d5fa222f02.txt,8091,2026-02-27T01:19:37.001Z,.txt
gdrive:OCR_annotation_Atlas/local_outputs/outputs,prompt_68ebc63edd730ae04eea6739.txt,2308,2026-02-28T02:37:57.243Z,.txt
gdrive:OCR_annotation_Atlas/local_outputs/outputs,prompt_68ec1852629a1b7aa8567715.txt,4393,2026-02-26T17:31:44.699Z,.txt
gdrive:OCR_annotation_Atlas/local_outputs/outputs,prompt_68ec1b58251361abf298e0ce.txt,4931,2026-02-27T02:44:08.111Z,.txt
gdrive:OCR_annotation_Atlas/local_outputs/outputs,prompt_68ecf842f47952d368a673ef.txt,4112,2026-02-27T11:08:17.274Z,.txt
gdrive:OCR_annotation_Atlas/local_outputs/outputs,prompt_68ed9db192b3737830533b65.txt,2858,2026-02-27T03:31:23.673Z,.txt
gdrive:OCR_annotation_Atlas/local_outputs/outputs,prompt_68edba1e92b3737830533be5.txt,2550,2026-02-27T02:18:27.462Z,.txt
gdrive:OCR_annotation_Atlas/local_outputs/outputs,prompt_68eddb1555aa22d83ab0ee2b.txt,6297,2026-02-27T03:14:13.219Z,.txt
gdrive:OCR_annotation_Atlas/local_outputs/outputs,prompt_68edeea12cf9a91061e72b50.txt,3091,2026-02-27T12:45:29.094Z,.txt
gdrive:OCR_annotation_Atlas/local_outputs/outputs,prompt_68edfecfdb3a74f2cf45aa91.txt,3024,2026-02-28T00:26:47.243Z,.txt
gdrive:OCR_annotation_Atlas/local_outputs/outputs,prompt_68ee5f9112fd60d4a9f62f34.txt,3834,2026-02-28T02:31:14.449Z,.txt
gdrive:OCR_annotation_Atlas/local_outputs/outputs,prompt_68ee92df5423a5e7f4d6fcbd.txt,3219,2026-02-27T03:21:42.005Z,.txt
gdrive:OCR_annotation_Atlas/local_outputs/outputs,prompt_68ee9e1c4cde55c7fcb2d267.txt,6035,2026-02-27T10:09:53.129Z,.txt
gdrive:OCR_annotation_Atlas/local_outputs/outputs,prompt_68eefb3a45bc7b3f72551226.txt,4895,2026-02-27T10:18:05.914Z,.txt
gdrive:OCR_annotation_Atlas/local_outputs/outputs,prompt_68eefb5ae6e0fe0709372e7b.txt,4114,2026-02-27T18:23:03.921Z,.txt
gdrive:OCR_annotation_Atlas/local_outputs/outputs,prompt_68ef3d8cf0eef07129121f8b.txt,9919,2026-02-27T17:12:08.644Z,.txt
gdrive:OCR_annotation_Atlas/local_outputs/outputs,prompt_68ef770bcd14a48e6cb6c918.txt,1910,2026-02-26T13:28:52.035Z,.txt
gdrive:OCR_annotation_Atlas/local_outputs/outputs,prompt_68ef817a452f79f8347f6404.txt,3872,2026-02-27T18:40:17.735Z,.txt
gdrive:OCR_annotation_Atlas/local_outputs/outputs,prompt_68f0b12430c92357e8a6cc86.txt,2233,2026-02-28T02:49:25.579Z,.txt
gdrive:OCR_annotation_Atlas/local_outputs/outputs,prompt_68f0dee1a3148ee13c12dc80.txt,2432,2026-02-28T02:47:43.481Z,.txt
gdrive:OCR_annotation_Atlas/local_outputs/outputs,prompt_68f15786562a5affe7463064.txt,5952,2026-02-28T04:08:01.571Z,.txt
gdrive:OCR_annotation_Atlas/local_outputs/outputs,prompt_68f17a9c1f665129c95100dd.txt,2498,2026-02-27T16:45:58.973Z,.txt
gdrive:OCR_annotation_Atlas/local_outputs/outputs,prompt_68f2b743149dc6195a229a98.txt,2416,2026-02-27T14:59:59.609Z,.txt
gdrive:OCR_annotation_Atlas/local_outputs/outputs,prompt_68f317d89005688c06a6a7e1.txt,4345,2026-02-26T16:25:07.818Z,.txt
gdrive:OCR_annotation_Atlas/local_outputs/outputs,prompt_68fac07cf5dbb2ea4acdac0f.txt,2923,2026-02-28T02:35:42.050Z,.txt
gdrive:OCR_annotation_Atlas/local_outputs/outputs,prompt_6902582409e755fd3e02ec6f.txt,6835,2026-02-28T20:43:42.869Z,.txt
gdrive:OCR_annotation_Atlas/local_outputs/outputs,prompt_6903dfa9a59c9682161d851a.txt,7887,2026-02-27T13:44:54.499Z,.txt
gdrive:OCR_annotation_Atlas/local_outputs/outputs,prompt_69040c255942818c57e8101e.txt,2719,2026-02-27T20:36:05.513Z,.txt
gdrive:OCR_annotation_Atlas/local_outputs/outputs,prompt_6904f8384464a0b5fa460d2c.txt,3918,2026-02-27T18:50:44.469Z,.txt
gdrive:OCR_annotation_Atlas/local_outputs/outputs,prompt_6905ba8779a300fa5142f2c4.txt,3735,2026-02-27T16:59:43.950Z,.txt
gdrive:OCR_annotation_Atlas/local_outputs/outputs,prompt_6905ee72793ca147db5fab4a.txt,3590,2026-02-28T00:32:11.787Z,.txt
gdrive:OCR_annotation_Atlas/local_outputs/outputs,prompt_6906e37c5b58bcc52dfd08fd.txt,4029,2026-02-27T10:22:56.015Z,.txt
gdrive:OCR_annotation_Atlas/local_outputs/outputs,prompt_6906e456130028964664afd6.txt,7041,2026-02-27T10:28:55.251Z,.txt
gdrive:OCR_annotation_Atlas/local_outputs/outputs,prompt_6908124693915a8a59a6e999.txt,5272,2026-02-27T14:31:18.613Z,.txt
gdrive:OCR_annotation_Atlas/local_outputs/outputs,prompt_69081c32eeb4798a4062a814.txt,9915,2026-02-27T21:34:09.637Z,.txt
gdrive:OCR_annotation_Atlas/local_outputs/outputs,prompt_6908258fcf92d35e606e9512.txt,8880,2026-02-27T21:52:27.478Z,.txt
gdrive:OCR_annotation_Atlas/local_outputs/outputs,prompt_690826bdcda830d760e2a27e.txt,4390,2026-02-27T22:14:58.696Z,.txt
gdrive:OCR_annotation_Atlas/local_outputs/outputs,prompt_690826ec79a300fa5142f786.txt,5146,2026-02-27T22:06:01.352Z,.txt
gdrive:OCR_annotation_Atlas/local_outputs/outputs,prompt_69082a5fa79d5a3e6dbece4d.txt,4446,2026-02-28T02:24:51.604Z,.txt
gdrive:OCR_annotation_Atlas/local_outputs/outputs,prompt_6908310d84d22199a55faf08.txt,3362,2026-02-27T16:53:05.800Z,.txt
gdrive:OCR_annotation_Atlas/local_outputs/outputs,prompt_6908464283a2f3b1d89471ba.txt,4461,2026-02-26T10:07:48.787Z,.txt
gdrive:OCR_annotation_Atlas/local_outputs/outputs,prompt_6908499da227377d9cd05065.txt,2822,2026-02-28T03:39:47.271Z,.txt
gdrive:OCR_annotation_Atlas/local_outputs/outputs,prompt_690870979a8a8155e21eeb77.txt,3453,2026-02-27T14:36:15.394Z,.txt
gdrive:OCR_annotation_Atlas/local_outputs/outputs,prompt_6908abf4b52f00738139ecc5.txt,3278,2026-02-27T15:09:29.140Z,.txt
gdrive:OCR_annotation_Atlas/local_outputs/outputs,prompt_6908cc2b328d0cc4786f62ca.txt,4660,2026-02-28T18:50:51.558Z,.txt
gdrive:OCR_annotation_Atlas/local_outputs/outputs,prompt_6908da42585c8c54c5162677.txt,4072,2026-02-27T14:16:43.109Z,.txt
gdrive:OCR_annotation_Atlas/local_outputs/outputs,prompt_6908db5fe4c1fb08efd4af2e.txt,4756,2026-02-27T11:16:46.220Z,.txt
gdrive:OCR_annotation_Atlas/local_outputs/outputs,prompt_69097cba801307bbf93be1e2.txt,5941,2026-02-27T15:20:32.742Z,.txt
gdrive:OCR_annotation_Atlas/local_outputs/outputs,prompt_690aa679ab10069f8a6cbaaa.txt,5951,2026-02-27T11:25:08.039Z,.txt
gdrive:OCR_annotation_Atlas/local_outputs/outputs,prompt_690aac914598106001a9717e.txt,2892,2026-02-26T10:53:14.541Z,.txt
gdrive:OCR_annotation_Atlas/local_outputs/outputs,run_execute.log,6340,2026-02-26T17:04:49.228Z,.log
gdrive:OCR_annotation_Atlas/local_outputs/outputs,run_execute_20260225_153438.log,3238,2026-02-25T13:43:33.145Z,.log
gdrive:OCR_annotation_Atlas/local_outputs/outputs,run_execute_20260225_172003.log,28256,2026-02-25T16:14:13.795Z,.log
gdrive:OCR_annotation_Atlas/local_outputs/outputs,run_execute_after_fix.log,4438,2026-02-25T20:53:55.717Z,.log
gdrive:OCR_annotation_Atlas/local_outputs/outputs,run_execute_after_network_fix2.log,6880,2026-02-25T23:36:51.259Z,.log
gdrive:OCR_annotation_Atlas/local_outputs/outputs,run_execute_after_network_fix3.log,11792,2026-02-26T10:09:15.878Z,.log
gdrive:OCR_annotation_Atlas/local_outputs/outputs,run_execute_after_panel_fix.log,5312,2026-02-25T09:53:32.083Z,.log
gdrive:OCR_annotation_Atlas/local_outputs/outputs,run_execute_after_policy_update.log,6662,2026-02-27T01:05:10.891Z,.log
gdrive:OCR_annotation_Atlas/local_outputs/outputs,run_execute_after_resume_fix.log,4870,2026-02-25T21:08:59.452Z,.log
gdrive:OCR_annotation_Atlas/local_outputs/outputs,run_execute_after_ssl_fix.log,7196,2026-02-25T22:56:43.365Z,.log
gdrive:OCR_annotation_Atlas/local_outputs/outputs,run_execute_after_system_update.log,15612,2026-02-27T04:49:38.464Z,.log
gdrive:OCR_annotation_Atlas/local_outputs/outputs,run_execute_after_video_retry_20260227_110323.log,41002,2026-02-27T09:20:11.890Z,.log
gdrive:OCR_annotation_Atlas/local_outputs/outputs,run_execute_auto.log,14506,2026-02-27T01:21:58.904Z,.log
gdrive:OCR_annotation_Atlas/local_outputs/outputs,run_execute_keepalive_20260227_115923.log,141206,2026-02-27T11:42:53.125Z,.log
gdrive:OCR_annotation_Atlas/local_outputs/outputs,run_execute_last_try.log,8106,2026-02-26T10:48:27.938Z,.log
gdrive:OCR_annotation_Atlas/local_outputs/outputs,run_execute_last_try2.log,10972,2026-02-26T10:54:23.258Z,.log
gdrive:OCR_annotation_Atlas/local_outputs/outputs,run_execute_latest_fix.log,8746,2026-02-25T13:29:01.323Z,.log
gdrive:OCR_annotation_Atlas/local_outputs/outputs,run_execute_new.log,6406,2026-02-25T21:30:29.358Z,.log
gdrive:OCR_annotation_Atlas/local_outputs/outputs,run_execute_new2.log,14242,2026-02-25T21:40:50.273Z,.log
gdrive:OCR_annotation_Atlas/local_outputs/outputs,run_execute_new3.log,6848,2026-02-25T21:57:08.038Z,.log
gdrive:OCR_annotation_Atlas/local_outputs/outputs,run_execute_no_complete.log,5454,2026-02-26T11:24:50.308Z,.log
gdrive:OCR_annotation_Atlas/local_outputs/outputs,run_execute_ops.log,5734,2026-02-26T14:55:37.161Z,.log
gdrive:OCR_annotation_Atlas/local_outputs/outputs,run_execute_ops_retry.log,4402,2026-02-26T16:30:27.544Z,.log
gdrive:OCR_annotation_Atlas/local_outputs/outputs,run_execute_ops_retry_v2.log,6434,2026-02-26T17:09:20.407Z,.log
gdrive:OCR_annotation_Atlas/local_outputs/outputs,run_execute_ops_retry_v3.log,3466,2026-02-26T17:18:18.381Z,.log
gdrive:OCR_annotation_Atlas/local_outputs/outputs,run_execute_ops_retry_v4.log,25828,2026-02-26T17:36:55.256Z,.log
gdrive:OCR_annotation_Atlas/local_outputs/outputs,run_execute_ops_retry_v5.log,105832,2026-02-26T23:52:09.589Z,.log
gdrive:OCR_annotation_Atlas/local_outputs/outputs,run_execute_ops_retry_v6.log,37470,2026-02-27T00:34:23.780Z,.log
gdrive:OCR_annotation_Atlas/local_outputs/outputs,run_execute_skip_unchanged.log,4930,2026-02-25T14:23:16.512Z,.log
gdrive:OCR_annotation_Atlas/local_outputs/outputs,run_execute_skip_unchanged_once.log,12202,2026-02-25T14:28:16.006Z,.log
gdrive:OCR_annotation_Atlas/local_outputs/outputs,run_execute_task_artifacts.log,10172,2026-02-25T16:40:36.494Z,.log
gdrive:OCR_annotation_Atlas/local_outputs/outputs,run_execute_tier3.log,6306,2026-02-26T13:29:35.778Z,.log
gdrive:OCR_annotation_Atlas/local_outputs/outputs,run_execute_video_guard.log,5056,2026-02-25T21:23:55.407Z,.log
gdrive:OCR_annotation_Atlas/local_outputs/outputs,segments_68c3f1ac1e0d1d81b7edf691.json,2011,2026-02-28T15:09:12.017Z,.json
gdrive:OCR_annotation_Atlas/local_outputs/outputs,segments_68d0fbec7b066cb2c7f29719.json,3705,2026-02-27T10:02:04.009Z,.json
gdrive:OCR_annotation_Atlas/local_outputs/outputs,segments_68d255774b1c32266ea180f4.json,1607,2026-02-28T00:23:25.342Z,.json
gdrive:OCR_annotation_Atlas/local_outputs/outputs,segments_68d27f43593c576a5a68eeb1.json,1054,2026-02-28T02:18:49.467Z,.json
gdrive:OCR_annotation_Atlas/local_outputs/outputs,segments_68d30cd24279056a87185772.json,2399,2026-02-26T23:34:48.694Z,.json
gdrive:OCR_annotation_Atlas/local_outputs/outputs,segments_68d35db9c03c89e6ffdb1889.json,769,2026-02-27T12:28:56.463Z,.json
gdrive:OCR_annotation_Atlas/local_outputs/outputs,segments_68d35eef6427d8caac511771.json,4662,2026-02-28T02:58:08.548Z,.json
gdrive:OCR_annotation_Atlas/local_outputs/outputs,segments_68d392616fbe40458fa40f4c.json,4906,2026-02-27T00:23:15.044Z,.json
gdrive:OCR_annotation_Atlas/local_outputs/outputs,segments_68d3b4bb0ae7e3f9414a1e80.json,8029,2026-02-26T22:56:12.259Z,.json
gdrive:OCR_annotation_Atlas/local_outputs/outputs,segments_68d3d77c181a3411ed1460f9.json,3394,2026-02-27T11:01:45.379Z,.json
gdrive:OCR_annotation_Atlas/local_outputs/outputs,segments_68d3eea91a5fd3e72b5cfee9.json,3269,2026-02-27T12:40:42.893Z,.json
gdrive:OCR_annotation_Atlas/local_outputs/outputs,segments_68d3f5739ad4e83f3cd10e3f.json,6293,2026-02-26T23:05:17.621Z,.json
gdrive:OCR_annotation_Atlas/local_outputs/outputs,segments_68d3fbdf737c6330c3e78843.json,5352,2026-02-27T01:02:47.279Z,.json
gdrive:OCR_annotation_Atlas/local_outputs/outputs,segments_68d3fc80963606becec188d3.json,8086,2026-02-27T19:07:15.984Z,.json
gdrive:OCR_annotation_Atlas/local_outputs/outputs,segments_68d3ff6fd5da0393353cb5ff.json,1730,2026-02-28T14:11:02.955Z,.json
gdrive:OCR_annotation_Atlas/local_outputs/outputs,segments_68d43e8a92167fffa6059988.json,9246,2026-02-27T02:28:57.507Z,.json
gdrive:OCR_annotation_Atlas/local_outputs/outputs,segments_68d43f556a28a17b71a80053.json,6470,2026-02-26T23:12:44.416Z,.json
gdrive:OCR_annotation_Atlas/local_outputs/outputs,segments_68d43fe6e3ac7b738e9a184e.json,6230,2026-02-27T02:36:13.333Z,.json
gdrive:OCR_annotation_Atlas/local_outputs/outputs,segments_68e3470ff350f31a886d6c34.json,1049,2026-02-26T23:15:17.946Z,.json
gdrive:OCR_annotation_Atlas/local_outputs/outputs,segments_68e34ddfb8f287e0fcd02b25.json,7447,2026-02-26T23:24:58.078Z,.json
gdrive:OCR_annotation_Atlas/local_outputs/outputs,segments_68e58b9189109caed5ef12c8.json,2512,2026-02-27T02:51:01.694Z,.json
gdrive:OCR_annotation_Atlas/local_outputs/outputs,segments_68e58b9189109caed5ef12c9.json,3387,2026-02-27T02:57:33.420Z,.json
gdrive:OCR_annotation_Atlas/local_outputs/outputs,segments_68e63c8c5126e2d5fa222f02.json,8494,2026-02-27T01:19:36.998Z,.json
gdrive:OCR_annotation_Atlas/local_outputs/outputs,segments_68ebc63edd730ae04eea6739.json,511,2026-02-28T02:37:57.243Z,.json
gdrive:OCR_annotation_Atlas/local_outputs/outputs,segments_68ec1852629a1b7aa8567715.json,3652,2026-02-26T17:31:44.698Z,.json
gdrive:OCR_annotation_Atlas/local_outputs/outputs,segments_68ec1b58251361abf298e0ce.json,3596,2026-02-27T02:44:08.110Z,.json
gdrive:OCR_annotation_Atlas/local_outputs/outputs,segments_68ecf842f47952d368a673ef.json,2645,2026-02-27T11:08:17.274Z,.json
gdrive:OCR_annotation_Atlas/local_outputs/outputs,segments_68ed9db192b3737830533b65.json,1193,2026-02-27T03:31:23.672Z,.json
gdrive:OCR_annotation_Atlas/local_outputs/outputs,segments_68edba1e92b3737830533be5.json,819,2026-02-27T02:18:27.460Z,.json
gdrive:OCR_annotation_Atlas/local_outputs/outputs,segments_68eddb1555aa22d83ab0ee2b.json,5864,2026-02-27T03:14:13.217Z,.json
gdrive:OCR_annotation_Atlas/local_outputs/outputs,segments_68edeea12cf9a91061e72b50.json,1492,2026-02-27T12:45:29.093Z,.json
gdrive:OCR_annotation_Atlas/local_outputs/outputs,segments_68edfecfdb3a74f2cf45aa91.json,1337,2026-02-28T00:26:47.224Z,.json
gdrive:OCR_annotation_Atlas/local_outputs/outputs,segments_68ee5f9112fd60d4a9f62f34.json,2565,2026-02-28T02:31:14.448Z,.json
gdrive:OCR_annotation_Atlas/local_outputs/outputs,segments_68ee92df5423a5e7f4d6fcbd.json,1752,2026-02-27T03:21:42.002Z,.json
gdrive:OCR_annotation_Atlas/local_outputs/outputs,segments_68ee9e1c4cde55c7fcb2d267.json,5360,2026-02-27T10:09:53.128Z,.json
gdrive:OCR_annotation_Atlas/local_outputs/outputs,segments_68eefb3a45bc7b3f72551226.json,3626,2026-02-27T10:18:05.914Z,.json
gdrive:OCR_annotation_Atlas/local_outputs/outputs,segments_68eefb5ae6e0fe0709372e7b.json,2779,2026-02-27T18:23:03.920Z,.json
gdrive:OCR_annotation_Atlas/local_outputs/outputs,segments_68ef3d8cf0eef07129121f8b.json,10410,2026-02-27T17:12:08.644Z,.json
gdrive:OCR_annotation_Atlas/local_outputs/outputs,segments_68ef770bcd14a48e6cb6c918.json,988,2026-02-26T13:28:52.034Z,.json
gdrive:OCR_annotation_Atlas/local_outputs/outputs,segments_68ef817a452f79f8347f6404.json,2405,2026-02-27T18:40:17.734Z,.json
gdrive:OCR_annotation_Atlas/local_outputs/outputs,segments_68f0b12430c92357e8a6cc86.json,370,2026-02-28T02:49:25.579Z,.json
gdrive:OCR_annotation_Atlas/local_outputs/outputs,segments_68f0dee1a3148ee13c12dc80.json,701,2026-02-28T02:47:43.480Z,.json
gdrive:OCR_annotation_Atlas/local_outputs/outputs,segments_68f15786562a5affe7463064.json,5013,2026-02-28T04:08:01.571Z,.json
gdrive:OCR_annotation_Atlas/local_outputs/outputs,segments_68f17a9c1f665129c95100dd.json,767,2026-02-27T16:45:58.972Z,.json
gdrive:OCR_annotation_Atlas/local_outputs/outputs,segments_68f2b743149dc6195a229a98.json,685,2026-02-27T14:59:59.607Z,.json
gdrive:OCR_annotation_Atlas/local_outputs/outputs,segments_68f317d89005688c06a6a7e1.json,3758,2026-02-26T16:25:07.817Z,.json
gdrive:OCR_annotation_Atlas/local_outputs/outputs,segments_68fac07cf5dbb2ea4acdac0f.json,1324,2026-02-28T02:35:42.049Z,.json
gdrive:OCR_annotation_Atlas/local_outputs/outputs,segments_6902582409e755fd3e02ec6f.json,6358,2026-02-28T20:43:42.868Z,.json
gdrive:OCR_annotation_Atlas/local_outputs/outputs,segments_6903dfa9a59c9682161d851a.json,7674,2026-02-27T13:44:54.495Z,.json
gdrive:OCR_annotation_Atlas/local_outputs/outputs,segments_69040c255942818c57e8101e.json,988,2026-02-27T20:36:05.512Z,.json
gdrive:OCR_annotation_Atlas/local_outputs/outputs,segments_6904f8384464a0b5fa460d2c.json,2649,2026-02-27T18:50:44.467Z,.json
gdrive:OCR_annotation_Atlas/local_outputs/outputs,segments_6905ba8779a300fa5142f2c4.json,2180,2026-02-27T16:59:43.950Z,.json
gdrive:OCR_annotation_Atlas/local_outputs/outputs,segments_6905ee72793ca147db5fab4a.json,2123,2026-02-28T00:32:11.787Z,.json
gdrive:OCR_annotation_Atlas/local_outputs/outputs,segments_6906e37c5b58bcc52dfd08fd.json,2760,2026-02-27T10:22:56.015Z,.json
gdrive:OCR_annotation_Atlas/local_outputs/outputs,segments_6906e456130028964664afd6.json,6828,2026-02-27T10:28:55.250Z,.json
gdrive:OCR_annotation_Atlas/local_outputs/outputs,segments_6908124693915a8a59a6e999.json,4333,2026-02-27T14:31:18.611Z,.json
gdrive:OCR_annotation_Atlas/local_outputs/outputs,segments_69081c32eeb4798a4062a814.json,10692,2026-02-27T21:34:09.636Z,.json
gdrive:OCR_annotation_Atlas/local_outputs/outputs,segments_6908258fcf92d35e606e9512.json,9459,2026-02-27T21:52:27.477Z,.json
gdrive:OCR_annotation_Atlas/local_outputs/outputs,segments_690826bdcda830d760e2a27e.json,3127,2026-02-28T00:13:59.419Z,.json
gdrive:OCR_annotation_Atlas/local_outputs/outputs,segments_690826ec79a300fa5142f786.json,4339,2026-02-27T22:06:01.351Z,.json
gdrive:OCR_annotation_Atlas/local_outputs/outputs,segments_69082a5fa79d5a3e6dbece4d.json,3243,2026-02-28T02:24:51.604Z,.json
gdrive:OCR_annotation_Atlas/local_outputs/outputs,segments_6908310d84d22199a55faf08.json,1829,2026-02-27T16:53:05.800Z,.json
gdrive:OCR_annotation_Atlas/local_outputs/outputs,segments_6908464283a2f3b1d89471ba.json,4768,2026-02-26T10:07:48.785Z,.json
gdrive:OCR_annotation_Atlas/local_outputs/outputs,segments_6908499da227377d9cd05065.json,1223,2026-02-28T03:39:47.270Z,.json
gdrive:OCR_annotation_Atlas/local_outputs/outputs,segments_690870979a8a8155e21eeb77.json,1920,2026-02-27T14:36:15.392Z,.json
gdrive:OCR_annotation_Atlas/local_outputs/outputs,segments_6908abf4b52f00738139ecc5.json,1811,2026-02-27T15:09:29.138Z,.json
gdrive:OCR_annotation_Atlas/local_outputs/outputs,segments_6908cc2b328d0cc4786f62ca.json,3523,2026-02-28T18:50:51.557Z,.json
gdrive:OCR_annotation_Atlas/local_outputs/outputs,segments_6908cee0505650a4a6ce21cd.json,4803,2026-02-28T20:49:39.237Z,.json
gdrive:OCR_annotation_Atlas/local_outputs/outputs,segments_6908da42585c8c54c5162677.json,2803,2026-02-27T14:16:43.108Z,.json
gdrive:OCR_annotation_Atlas/local_outputs/outputs,segments_6908db5fe4c1fb08efd4af2e.json,4015,2026-02-27T11:16:46.219Z,.json
gdrive:OCR_annotation_Atlas/local_outputs/outputs,segments_6908efde724837058892b902.json,14435,2026-02-28T20:21:15.959Z,.json
gdrive:OCR_annotation_Atlas/local_outputs/outputs,segments_69097cba801307bbf93be1e2.json,4782,2026-02-27T15:20:32.740Z,.json
gdrive:OCR_annotation_Atlas/local_outputs/outputs,segments_690aa679ab10069f8a6cbaaa.json,5540,2026-02-27T11:25:08.039Z,.json
gdrive:OCR_annotation_Atlas/local_outputs/outputs,segments_690aac914598106001a9717e.json,2869,2026-02-26T10:53:14.539Z,.json
gdrive:OCR_annotation_Atlas/local_outputs/outputs,smoke_after_restore.log,3392,2026-02-24T16:20:43.235Z,.log
gdrive:OCR_annotation_Atlas/local_outputs/outputs,solver_live_20260227_142559.log,22687,2026-02-27T12:50:56.944Z,.log
gdrive:OCR_annotation_Atlas/local_outputs/outputs,solver_live_20260227_143552.log,10684,2026-02-27T12:47:05.385Z,.log
gdrive:OCR_annotation_Atlas/local_outputs/outputs,solver_live_20260227_153421.log,11242,2026-02-27T13:46:34.595Z,.log
gdrive:OCR_annotation_Atlas/local_outputs/outputs,solver_live_20260227_160917.log,21939,2026-02-27T14:38:54.209Z,.log
gdrive:OCR_annotation_Atlas/local_outputs/outputs,solver_live_20260227_165805.log,304494,2026-02-27T21:43:19.747Z,.log
gdrive:OCR_annotation_Atlas/local_outputs/outputs,solver_live_20260227_234429.log,25653,2026-02-27T22:17:05.389Z,.log
gdrive:OCR_annotation_Atlas/local_outputs/outputs,solver_live_20260228_020400.log,30923,2026-02-28T00:24:25.089Z,.log
gdrive:OCR_annotation_Atlas/local_outputs/outputs,solver_live_20260228_021758.log,107117,2026-02-28T00:38:08.264Z,.log
gdrive:OCR_annotation_Atlas/local_outputs/outputs,solver_live_20260228_041509.log,54776,2026-02-28T03:11:59.198Z,.log
gdrive:OCR_annotation_Atlas/local_outputs/outputs,solver_live_20260228_052337.log,23768,2026-02-28T03:41:14.862Z,.log
gdrive:OCR_annotation_Atlas/local_outputs/outputs,solver_live_20260228_054839.log,361852,2026-02-28T23:57:21.202Z,.log
gdrive:OCR_annotation_Atlas/local_outputs/outputs,supervisor_live_20260227_165804.err.log,0,2026-02-27T14:58:04.335Z,.log
gdrive:OCR_annotation_Atlas/local_outputs/outputs,supervisor_live_20260227_165804.log,0,2026-02-27T14:58:04.334Z,.log
gdrive:OCR_annotation_Atlas/local_outputs/outputs,supervisor_live_20260228_020359.err.log,0,2026-02-28T00:04:00.088Z,.log
gdrive:OCR_annotation_Atlas/local_outputs/outputs,supervisor_live_20260228_020359.log,0,2026-02-28T00:04:00.087Z,.log
gdrive:OCR_annotation_Atlas/local_outputs/outputs,supervisor_live_20260228_021758.err.log,0,2026-02-28T00:17:58.539Z,.log
gdrive:OCR_annotation_Atlas/local_outputs/outputs,supervisor_live_20260228_021758.log,0,2026-02-28T00:17:58.538Z,.log
gdrive:OCR_annotation_Atlas/local_outputs/outputs,supervisor_live_20260228_041509.err.log,0,2026-02-28T02:15:09.313Z,.log
gdrive:OCR_annotation_Atlas/local_outputs/outputs,supervisor_live_20260228_041509.log,0,2026-02-28T02:15:09.312Z,.log
gdrive:OCR_annotation_Atlas/local_outputs/outputs,supervisor_live_20260228_052337.err.log,0,2026-02-28T03:23:37.508Z,.log
gdrive:OCR_annotation_Atlas/local_outputs/outputs,supervisor_live_20260228_052337.log,0,2026-02-28T03:23:37.507Z,.log
gdrive:OCR_annotation_Atlas/local_outputs/outputs,supervisor_live_20260228_054838.err.log,0,2026-02-28T03:48:38.720Z,.log
gdrive:OCR_annotation_Atlas/local_outputs/outputs,supervisor_live_20260228_054838.log,0,2026-02-28T03:48:38.719Z,.log
gdrive:OCR_annotation_Atlas/local_outputs/outputs,task_state_68c3f1ac1e0d1d81b7edf691.json,199,2026-02-28T15:10:21.614Z,.json
gdrive:OCR_annotation_Atlas/local_outputs/outputs,task_state_68c9978f24f320c527da9345.json,111,2026-02-26T17:36:54.740Z,.json
gdrive:OCR_annotation_Atlas/local_outputs/outputs,task_state_68d0fbec7b066cb2c7f29719.json,199,2026-02-27T10:03:49.353Z,.json
gdrive:OCR_annotation_Atlas/local_outputs/outputs,task_state_68d21553362d1163a3b9ab16.json,111,2026-02-27T04:48:50.957Z,.json
gdrive:OCR_annotation_Atlas/local_outputs/outputs,task_state_68d255774b1c32266ea180f4.json,321,2026-02-28T00:23:52.582Z,.json
gdrive:OCR_annotation_Atlas/local_outputs/outputs,task_state_68d27f43593c576a5a68eeb1.json,227,2026-02-28T02:19:31.311Z,.json
gdrive:OCR_annotation_Atlas/local_outputs/outputs,task_state_68d29dd940e4c013224af524.json,111,2026-02-27T04:49:37.877Z,.json
gdrive:OCR_annotation_Atlas/local_outputs/outputs,task_state_68d30cd24279056a87185772.json,199,2026-02-26T23:35:51.797Z,.json
gdrive:OCR_annotation_Atlas/local_outputs/outputs,task_state_68d35db9c03c89e6ffdb1889.json,227,2026-02-27T12:29:27.539Z,.json
gdrive:OCR_annotation_Atlas/local_outputs/outputs,task_state_68d35eef6427d8caac511771.json,199,2026-02-28T03:02:41.503Z,.json
gdrive:OCR_annotation_Atlas/local_outputs/outputs,task_state_68d392616fbe40458fa40f4c.json,172,2026-02-27T00:26:14.840Z,.json
gdrive:OCR_annotation_Atlas/local_outputs/outputs,task_state_68d3ae44af655dca6d42e6cc.json,91,2026-02-28T03:36:04.088Z,.json
gdrive:OCR_annotation_Atlas/local_outputs/outputs,task_state_68d3b4bb0ae7e3f9414a1e80.json,199,2026-02-26T22:59:33.457Z,.json
gdrive:OCR_annotation_Atlas/local_outputs/outputs,task_state_68d3b77e8191686d654b7b0a.json,111,2026-02-27T02:20:33.427Z,.json
gdrive:OCR_annotation_Atlas/local_outputs/outputs,task_state_68d3d77c181a3411ed1460f9.json,199,2026-02-27T11:04:57.414Z,.json
gdrive:OCR_annotation_Atlas/local_outputs/outputs,task_state_68d3eea91a5fd3e72b5cfee9.json,318,2026-02-27T12:42:30.067Z,.json
gdrive:OCR_annotation_Atlas/local_outputs/outputs,task_state_68d3f5739ad4e83f3cd10e3f.json,199,2026-02-26T23:09:40.235Z,.json
gdrive:OCR_annotation_Atlas/local_outputs/outputs,task_state_68d3fbdf737c6330c3e78843.json,227,2026-02-27T01:05:05.441Z,.json
gdrive:OCR_annotation_Atlas/local_outputs/outputs,task_state_68d3fc80963606becec188d3.json,227,2026-02-27T19:11:13.309Z,.json
gdrive:OCR_annotation_Atlas/local_outputs/outputs,task_state_68d3ff6fd5da0393353cb5ff.json,197,2026-02-28T14:11:51.453Z,.json
gdrive:OCR_annotation_Atlas/local_outputs/outputs,task_state_68d43e8a92167fffa6059988.json,227,2026-02-27T02:30:45.755Z,.json
gdrive:OCR_annotation_Atlas/local_outputs/outputs,task_state_68d43f556a28a17b71a80053.json,227,2026-02-26T23:13:16.618Z,.json
gdrive:OCR_annotation_Atlas/local_outputs/outputs,task_state_68d43fe6e3ac7b738e9a184e.json,199,2026-02-27T02:38:59.395Z,.json
gdrive:OCR_annotation_Atlas/local_outputs/outputs,task_state_68e3470ff350f31a886d6c34.json,199,2026-02-26T23:15:57.424Z,.json
gdrive:OCR_annotation_Atlas/local_outputs/outputs,task_state_68e34ddfb8f287e0fcd02b25.json,199,2026-02-26T23:27:32.265Z,.json
gdrive:OCR_annotation_Atlas/local_outputs/outputs,task_state_68e58b9189109caed5ef12c8.json,227,2026-02-27T02:51:51.410Z,.json
gdrive:OCR_annotation_Atlas/local_outputs/outputs,task_state_68e58b9189109caed5ef12c9.json,227,2026-02-27T02:58:40.960Z,.json
gdrive:OCR_annotation_Atlas/local_outputs/outputs,task_state_68e63c8c5126e2d5fa222f02.json,170,2026-02-27T01:19:37.062Z,.json
gdrive:OCR_annotation_Atlas/local_outputs/outputs,task_state_68ebc63edd730ae04eea6739.json,227,2026-02-28T02:38:28.330Z,.json
gdrive:OCR_annotation_Atlas/local_outputs/outputs,task_state_68ec1852629a1b7aa8567715.json,227,2026-02-26T17:33:11.354Z,.json
gdrive:OCR_annotation_Atlas/local_outputs/outputs,task_state_68ec1b58251361abf298e0ce.json,227,2026-02-27T02:45:22.883Z,.json
gdrive:OCR_annotation_Atlas/local_outputs/outputs,task_state_68ecb9a6026a09df94941b76.json,111,2026-02-27T04:47:17.391Z,.json
gdrive:OCR_annotation_Atlas/local_outputs/outputs,task_state_68ecf842f47952d368a673ef.json,199,2026-02-27T11:09:23.185Z,.json
gdrive:OCR_annotation_Atlas/local_outputs/outputs,task_state_68ed9db192b3737830533b65.json,199,2026-02-27T03:32:17.900Z,.json
gdrive:OCR_annotation_Atlas/local_outputs/outputs,task_state_68edba1e92b3737830533be5.json,199,2026-02-27T02:18:55.477Z,.json
gdrive:OCR_annotation_Atlas/local_outputs/outputs,task_state_68eddb1555aa22d83ab0ee2b.json,199,2026-02-27T03:15:33.901Z,.json
gdrive:OCR_annotation_Atlas/local_outputs/outputs,task_state_68edeea12cf9a91061e72b50.json,199,2026-02-27T12:46:20.755Z,.json
gdrive:OCR_annotation_Atlas/local_outputs/outputs,task_state_68edfecfdb3a74f2cf45aa91.json,199,2026-02-28T00:27:34.867Z,.json
gdrive:OCR_annotation_Atlas/local_outputs/outputs,task_state_68ee5f9112fd60d4a9f62f34.json,199,2026-02-28T02:32:37.279Z,.json
gdrive:OCR_annotation_Atlas/local_outputs/outputs,task_state_68ee92df5423a5e7f4d6fcbd.json,199,2026-02-27T03:22:19.742Z,.json
gdrive:OCR_annotation_Atlas/local_outputs/outputs,task_state_68ee9e1c4cde55c7fcb2d267.json,199,2026-02-27T10:12:50.989Z,.json
gdrive:OCR_annotation_Atlas/local_outputs/outputs,task_state_68eefb3a45bc7b3f72551226.json,227,2026-02-27T10:19:54.305Z,.json
gdrive:OCR_annotation_Atlas/local_outputs/outputs,task_state_68eefb5ae6e0fe0709372e7b.json,172,2026-02-27T18:32:14.404Z,.json
gdrive:OCR_annotation_Atlas/local_outputs/outputs,task_state_68ef3d8cf0eef07129121f8b.json,227,2026-02-27T17:16:09.808Z,.json
gdrive:OCR_annotation_Atlas/local_outputs/outputs,task_state_68ef770bcd14a48e6cb6c918.json,227,2026-02-26T13:29:30.035Z,.json
gdrive:OCR_annotation_Atlas/local_outputs/outputs,task_state_68ef817a452f79f8347f6404.json,199,2026-02-27T18:42:32.926Z,.json
gdrive:OCR_annotation_Atlas/local_outputs/outputs,task_state_68f0b12430c92357e8a6cc86.json,227,2026-02-28T02:49:55.638Z,.json
gdrive:OCR_annotation_Atlas/local_outputs/outputs,task_state_68f0dee1a3148ee13c12dc80.json,199,2026-02-28T02:48:14.398Z,.json
gdrive:OCR_annotation_Atlas/local_outputs/outputs,task_state_68f15786562a5affe7463064.json,199,2026-02-28T04:10:54.136Z,.json
gdrive:OCR_annotation_Atlas/local_outputs/outputs,task_state_68f17a9c1f665129c95100dd.json,227,2026-02-27T16:46:35.713Z,.json
gdrive:OCR_annotation_Atlas/local_outputs/outputs,task_state_68f2b743149dc6195a229a98.json,199,2026-02-27T15:00:33.773Z,.json
gdrive:OCR_annotation_Atlas/local_outputs/outputs,task_state_68f317d89005688c06a6a7e1.json,199,2026-02-26T16:27:29.814Z,.json
gdrive:OCR_annotation_Atlas/local_outputs/outputs,task_state_68fac07cf5dbb2ea4acdac0f.json,199,2026-02-28T02:36:32.950Z,.json
gdrive:OCR_annotation_Atlas/local_outputs/outputs,task_state_6902582409e755fd3e02ec6f.json,169,2026-02-28T20:46:29.813Z,.json
gdrive:OCR_annotation_Atlas/local_outputs/outputs,task_state_6903dfa9a59c9682161d851a.json,142,2026-02-27T13:44:54.534Z,.json
gdrive:OCR_annotation_Atlas/local_outputs/outputs,task_state_69040c255942818c57e8101e.json,227,2026-02-27T20:36:56.522Z,.json
gdrive:OCR_annotation_Atlas/local_outputs/outputs,task_state_6904f8384464a0b5fa460d2c.json,172,2026-02-27T18:57:49.646Z,.json
gdrive:OCR_annotation_Atlas/local_outputs/outputs,task_state_6905ba8779a300fa5142f2c4.json,197,2026-02-27T17:00:13.491Z,.json
gdrive:OCR_annotation_Atlas/local_outputs/outputs,task_state_6905ee72793ca147db5fab4a.json,199,2026-02-28T00:33:14.565Z,.json
gdrive:OCR_annotation_Atlas/local_outputs/outputs,task_state_6906e37c5b58bcc52dfd08fd.json,227,2026-02-27T10:24:04.916Z,.json
gdrive:OCR_annotation_Atlas/local_outputs/outputs,task_state_6906e456130028964664afd6.json,199,2026-02-27T10:31:42.236Z,.json
gdrive:OCR_annotation_Atlas/local_outputs/outputs,task_state_6908124693915a8a59a6e999.json,199,2026-02-27T14:33:44.796Z,.json
gdrive:OCR_annotation_Atlas/local_outputs/outputs,task_state_69081c32eeb4798a4062a814.json,199,2026-02-27T21:34:58.226Z,.json
gdrive:OCR_annotation_Atlas/local_outputs/outputs,task_state_6908258fcf92d35e606e9512.json,199,2026-02-27T21:56:58.005Z,.json
gdrive:OCR_annotation_Atlas/local_outputs/outputs,task_state_690826bdcda830d760e2a27e.json,293,2026-02-28T00:13:59.730Z,.json
gdrive:OCR_annotation_Atlas/local_outputs/outputs,task_state_690826ec79a300fa5142f786.json,199,2026-02-27T22:07:40.326Z,.json
gdrive:OCR_annotation_Atlas/local_outputs/outputs,task_state_69082a5fa79d5a3e6dbece4d.json,199,2026-02-28T02:26:18.299Z,.json
gdrive:OCR_annotation_Atlas/local_outputs/outputs,task_state_6908310d84d22199a55faf08.json,199,2026-02-27T16:54:06.662Z,.json
gdrive:OCR_annotation_Atlas/local_outputs/outputs,task_state_6908464283a2f3b1d89471ba.json,169,2026-02-26T10:09:09.861Z,.json
gdrive:OCR_annotation_Atlas/local_outputs/outputs,task_state_6908499da227377d9cd05065.json,609,2026-02-28T03:40:33.990Z,.json
gdrive:OCR_annotation_Atlas/local_outputs/outputs,task_state_690870979a8a8155e21eeb77.json,199,2026-02-27T14:37:40.835Z,.json
gdrive:OCR_annotation_Atlas/local_outputs/outputs,task_state_6908abf4b52f00738139ecc5.json,199,2026-02-27T15:11:41.450Z,.json
gdrive:OCR_annotation_Atlas/local_outputs/outputs,task_state_6908cc2b328d0cc4786f62ca.json,340,2026-02-28T18:52:21.249Z,.json
gdrive:OCR_annotation_Atlas/local_outputs/outputs,task_state_6908cee0505650a4a6ce21cd.json,384,2026-02-28T21:02:06.433Z,.json
gdrive:OCR_annotation_Atlas/local_outputs/outputs,task_state_6908da42585c8c54c5162677.json,170,2026-02-27T14:18:33.125Z,.json
gdrive:OCR_annotation_Atlas/local_outputs/outputs,task_state_6908db5fe4c1fb08efd4af2e.json,199,2026-02-27T11:19:38.274Z,.json
gdrive:OCR_annotation_Atlas/local_outputs/outputs,task_state_6908efde724837058892b902.json,204,2026-02-28T20:33:40.426Z,.json
gdrive:OCR_annotation_Atlas/local_outputs/outputs,task_state_69097cba801307bbf93be1e2.json,227,2026-02-27T15:21:21.393Z,.json
gdrive:OCR_annotation_Atlas/local_outputs/outputs,task_state_690aa679ab10069f8a6cbaaa.json,172,2026-02-27T11:36:45.812Z,.json
gdrive:OCR_annotation_Atlas/local_outputs/outputs,task_state_690aac914598106001a9717e.json,197,2026-02-26T10:54:16.377Z,.json
gdrive:OCR_annotation_Atlas/local_outputs/outputs,text_68c3f1ac1e0d1d81b7edf691_current.txt,457,2026-02-28T15:09:12.020Z,.txt
gdrive:OCR_annotation_Atlas/local_outputs/outputs,text_68c3f1ac1e0d1d81b7edf691_update.txt,259,2026-02-28T15:09:12.020Z,.txt
gdrive:OCR_annotation_Atlas/local_outputs/outputs,text_68d0fbec7b066cb2c7f29719_current.txt,998,2026-02-27T10:02:04.013Z,.txt
gdrive:OCR_annotation_Atlas/local_outputs/outputs,text_68d0fbec7b066cb2c7f29719_update.txt,632,2026-02-27T10:02:04.014Z,.txt
gdrive:OCR_annotation_Atlas/local_outputs/outputs,text_68d255774b1c32266ea180f4_current.txt,332,2026-02-28T00:23:25.347Z,.txt
gdrive:OCR_annotation_Atlas/local_outputs/outputs,text_68d255774b1c32266ea180f4_update.txt,345,2026-02-28T00:23:25.348Z,.txt
gdrive:OCR_annotation_Atlas/local_outputs/outputs,text_68d27f43593c576a5a68eeb1_current.txt,210,2026-02-28T02:18:49.469Z,.txt
gdrive:OCR_annotation_Atlas/local_outputs/outputs,text_68d27f43593c576a5a68eeb1_update.txt,98,2026-02-28T02:18:49.470Z,.txt
gdrive:OCR_annotation_Atlas/local_outputs/outputs,text_68d30cd24279056a87185772_current.txt,723,2026-02-26T23:34:48.699Z,.txt
gdrive:OCR_annotation_Atlas/local_outputs/outputs,text_68d30cd24279056a87185772_update.txt,208,2026-02-26T23:34:48.700Z,.txt
gdrive:OCR_annotation_Atlas/local_outputs/outputs,text_68d35db9c03c89e6ffdb1889_current.txt,142,2026-02-27T12:28:56.467Z,.txt
gdrive:OCR_annotation_Atlas/local_outputs/outputs,text_68d35db9c03c89e6ffdb1889_update.txt,178,2026-02-27T12:28:56.467Z,.txt
gdrive:OCR_annotation_Atlas/local_outputs/outputs,text_68d35eef6427d8caac511771_current.txt,1021,2026-02-28T02:58:08.552Z,.txt
gdrive:OCR_annotation_Atlas/local_outputs/outputs,text_68d35eef6427d8caac511771_update.txt,829,2026-02-28T02:58:08.552Z,.txt
gdrive:OCR_annotation_Atlas/local_outputs/outputs,text_68d392616fbe40458fa40f4c_current.txt,1365,2026-02-27T00:23:15.060Z,.txt
gdrive:OCR_annotation_Atlas/local_outputs/outputs,text_68d392616fbe40458fa40f4c_update.txt,532,2026-02-27T00:23:15.064Z,.txt
gdrive:OCR_annotation_Atlas/local_outputs/outputs,text_68d3b4bb0ae7e3f9414a1e80_current.txt,1871,2026-02-26T22:56:12.264Z,.txt
gdrive:OCR_annotation_Atlas/local_outputs/outputs,text_68d3b4bb0ae7e3f9414a1e80_update.txt,1273,2026-02-26T22:56:12.264Z,.txt
gdrive:OCR_annotation_Atlas/local_outputs/outputs,text_68d3d77c181a3411ed1460f9_current.txt,620,2026-02-27T11:01:45.383Z,.txt
gdrive:OCR_annotation_Atlas/local_outputs/outputs,text_68d3d77c181a3411ed1460f9_update.txt,537,2026-02-27T11:01:45.384Z,.txt
gdrive:OCR_annotation_Atlas/local_outputs/outputs,text_68d3eea91a5fd3e72b5cfee9_current.txt,855,2026-02-27T12:40:42.896Z,.txt
gdrive:OCR_annotation_Atlas/local_outputs/outputs,text_68d3eea91a5fd3e72b5cfee9_update.txt,755,2026-02-27T12:40:42.896Z,.txt
gdrive:OCR_annotation_Atlas/local_outputs/outputs,text_68d3f5739ad4e83f3cd10e3f_current.txt,1231,2026-02-26T23:05:17.628Z,.txt
gdrive:OCR_annotation_Atlas/local_outputs/outputs,text_68d3f5739ad4e83f3cd10e3f_update.txt,1198,2026-02-26T23:05:17.629Z,.txt
gdrive:OCR_annotation_Atlas/local_outputs/outputs,text_68d3fbdf737c6330c3e78843_current.txt,1221,2026-02-27T01:02:47.304Z,.txt
gdrive:OCR_annotation_Atlas/local_outputs/outputs,text_68d3fbdf737c6330c3e78843_update.txt,1004,2026-02-27T01:02:47.307Z,.txt
gdrive:OCR_annotation_Atlas/local_outputs/outputs,text_68d3fc80963606becec188d3_current.txt,1291,2026-02-27T19:07:15.998Z,.txt
gdrive:OCR_annotation_Atlas/local_outputs/outputs,text_68d3fc80963606becec188d3_update.txt,1926,2026-02-27T19:07:16.001Z,.txt
gdrive:OCR_annotation_Atlas/local_outputs/outputs,text_68d3ff6fd5da0393353cb5ff_current.txt,386,2026-02-28T14:11:02.959Z,.txt
gdrive:OCR_annotation_Atlas/local_outputs/outputs,text_68d3ff6fd5da0393353cb5ff_update.txt,320,2026-02-28T14:11:02.960Z,.txt
gdrive:OCR_annotation_Atlas/local_outputs/outputs,text_68d43e8a92167fffa6059988_current.txt,1947,2026-02-27T02:28:57.515Z,.txt
gdrive:OCR_annotation_Atlas/local_outputs/outputs,text_68d43e8a92167fffa6059988_update.txt,1935,2026-02-27T02:28:57.516Z,.txt
gdrive:OCR_annotation_Atlas/local_outputs/outputs,text_68d43f556a28a17b71a80053_current.txt,1243,2026-02-26T23:12:44.423Z,.txt
gdrive:OCR_annotation_Atlas/local_outputs/outputs,text_68d43f556a28a17b71a80053_update.txt,1245,2026-02-26T23:12:44.424Z,.txt
gdrive:OCR_annotation_Atlas/local_outputs/outputs,text_68d43fe6e3ac7b738e9a184e_current.txt,1276,2026-02-27T02:36:13.342Z,.txt
gdrive:OCR_annotation_Atlas/local_outputs/outputs,text_68d43fe6e3ac7b738e9a184e_update.txt,1214,2026-02-27T02:36:13.342Z,.txt
gdrive:OCR_annotation_Atlas/local_outputs/outputs,text_68e3470ff350f31a886d6c34_current.txt,204,2026-02-26T23:15:17.948Z,.txt
gdrive:OCR_annotation_Atlas/local_outputs/outputs,text_68e3470ff350f31a886d6c34_update.txt,141,2026-02-26T23:15:17.948Z,.txt
gdrive:OCR_annotation_Atlas/local_outputs/outputs,text_68e34ddfb8f287e0fcd02b25_current.txt,1507,2026-02-26T23:24:58.086Z,.txt
gdrive:OCR_annotation_Atlas/local_outputs/outputs,text_68e34ddfb8f287e0fcd02b25_update.txt,1203,2026-02-26T23:24:58.087Z,.txt
gdrive:OCR_annotation_Atlas/local_outputs/outputs,text_68e58b9189109caed5ef12c8_current.txt,404,2026-02-27T02:51:01.700Z,.txt
gdrive:OCR_annotation_Atlas/local_outputs/outputs,text_68e58b9189109caed5ef12c8_update.txt,409,2026-02-27T02:51:01.700Z,.txt
gdrive:OCR_annotation_Atlas/local_outputs/outputs,text_68e58b9189109caed5ef12c9_current.txt,687,2026-02-27T02:57:33.431Z,.txt
gdrive:OCR_annotation_Atlas/local_outputs/outputs,text_68e58b9189109caed5ef12c9_update.txt,669,2026-02-27T02:57:33.434Z,.txt
gdrive:OCR_annotation_Atlas/local_outputs/outputs,text_68e63c8c5126e2d5fa222f02_current.txt,2027,2026-02-27T01:19:37.026Z,.txt
gdrive:OCR_annotation_Atlas/local_outputs/outputs,text_68e63c8c5126e2d5fa222f02_update.txt,1143,2026-02-27T01:19:37.032Z,.txt
gdrive:OCR_annotation_Atlas/local_outputs/outputs,text_68ebc63edd730ae04eea6739_current.txt,90,2026-02-28T02:37:57.264Z,.txt
gdrive:OCR_annotation_Atlas/local_outputs/outputs,text_68ebc63edd730ae04eea6739_update.txt,111,2026-02-28T02:37:57.265Z,.txt
gdrive:OCR_annotation_Atlas/local_outputs/outputs,text_68ec1852629a1b7aa8567715_current.txt,816,2026-02-26T17:31:44.699Z,.txt
gdrive:OCR_annotation_Atlas/local_outputs/outputs,text_68ec1852629a1b7aa8567715_update.txt,613,2026-02-26T17:31:44.699Z,.txt
gdrive:OCR_annotation_Atlas/local_outputs/outputs,text_68ec1b58251361abf298e0ce_current.txt,1077,2026-02-27T02:44:08.113Z,.txt
gdrive:OCR_annotation_Atlas/local_outputs/outputs,text_68ec1b58251361abf298e0ce_update.txt,234,2026-02-27T02:44:08.114Z,.txt
gdrive:OCR_annotation_Atlas/local_outputs/outputs,text_68ecf842f47952d368a673ef_current.txt,771,2026-02-27T11:08:17.281Z,.txt
gdrive:OCR_annotation_Atlas/local_outputs/outputs,text_68ecf842f47952d368a673ef_update.txt,321,2026-02-27T11:08:17.281Z,.txt
gdrive:OCR_annotation_Atlas/local_outputs/outputs,text_68ed9db192b3737830533b65_current.txt,276,2026-02-27T03:31:23.674Z,.txt
gdrive:OCR_annotation_Atlas/local_outputs/outputs,text_68ed9db192b3737830533b65_update.txt,175,2026-02-27T03:31:23.675Z,.txt
gdrive:OCR_annotation_Atlas/local_outputs/outputs,text_68edba1e92b3737830533be5_current.txt,167,2026-02-27T02:18:27.468Z,.txt
gdrive:OCR_annotation_Atlas/local_outputs/outputs,text_68edba1e92b3737830533be5_update.txt,142,2026-02-27T02:18:27.469Z,.txt
gdrive:OCR_annotation_Atlas/local_outputs/outputs,text_68eddb1555aa22d83ab0ee2b_current.txt,1098,2026-02-27T03:14:13.223Z,.txt
gdrive:OCR_annotation_Atlas/local_outputs/outputs,text_68eddb1555aa22d83ab0ee2b_update.txt,1126,2026-02-27T03:14:13.223Z,.txt
gdrive:OCR_annotation_Atlas/local_outputs/outputs,text_68edeea12cf9a91061e72b50_current.txt,349,2026-02-27T12:45:29.099Z,.txt
gdrive:OCR_annotation_Atlas/local_outputs/outputs,text_68edeea12cf9a91061e72b50_update.txt,140,2026-02-27T12:45:29.100Z,.txt
gdrive:OCR_annotation_Atlas/local_outputs/outputs,text_68edfecfdb3a74f2cf45aa91_current.txt,273,2026-02-28T00:26:47.245Z,.txt
gdrive:OCR_annotation_Atlas/local_outputs/outputs,text_68edfecfdb3a74f2cf45aa91_update.txt,188,2026-02-28T00:26:47.246Z,.txt
gdrive:OCR_annotation_Atlas/local_outputs/outputs,text_68ee5f9112fd60d4a9f62f34_current.txt,506,2026-02-28T02:31:14.451Z,.txt
gdrive:OCR_annotation_Atlas/local_outputs/outputs,text_68ee5f9112fd60d4a9f62f34_update.txt,407,2026-02-28T02:31:14.451Z,.txt
gdrive:OCR_annotation_Atlas/local_outputs/outputs,text_68ee92df5423a5e7f4d6fcbd_current.txt,329,2026-02-27T03:21:42.010Z,.txt
gdrive:OCR_annotation_Atlas/local_outputs/outputs,text_68ee92df5423a5e7f4d6fcbd_update.txt,356,2026-02-27T03:21:42.011Z,.txt
gdrive:OCR_annotation_Atlas/local_outputs/outputs,text_68ee9e1c4cde55c7fcb2d267_current.txt,1218,2026-02-27T10:09:53.131Z,.txt
gdrive:OCR_annotation_Atlas/local_outputs/outputs,text_68ee9e1c4cde55c7fcb2d267_update.txt,638,2026-02-27T10:09:53.131Z,.txt
gdrive:OCR_annotation_Atlas/local_outputs/outputs,text_68eefb3a45bc7b3f72551226_current.txt,1034,2026-02-27T10:18:05.915Z,.txt
gdrive:OCR_annotation_Atlas/local_outputs/outputs,text_68eefb3a45bc7b3f72551226_update.txt,490,2026-02-27T10:18:05.916Z,.txt
gdrive:OCR_annotation_Atlas/local_outputs/outputs,text_68eefb5ae6e0fe0709372e7b_current.txt,686,2026-02-27T18:23:03.931Z,.txt
gdrive:OCR_annotation_Atlas/local_outputs/outputs,text_68eefb5ae6e0fe0709372e7b_update.txt,389,2026-02-27T18:23:03.932Z,.txt
gdrive:OCR_annotation_Atlas/local_outputs/outputs,text_68ef3d8cf0eef07129121f8b_current.txt,2292,2026-02-27T17:12:08.648Z,.txt
gdrive:OCR_annotation_Atlas/local_outputs/outputs,text_68ef3d8cf0eef07129121f8b_update.txt,1499,2026-02-27T17:12:08.648Z,.txt
gdrive:OCR_annotation_Atlas/local_outputs/outputs,text_68ef770bcd14a48e6cb6c918_current.txt,251,2026-02-26T13:28:52.037Z,.txt
gdrive:OCR_annotation_Atlas/local_outputs/outputs,text_68ef770bcd14a48e6cb6c918_update.txt,151,2026-02-26T13:28:52.037Z,.txt
gdrive:OCR_annotation_Atlas/local_outputs/outputs,text_68ef817a452f79f8347f6404_current.txt,653,2026-02-27T18:40:17.741Z,.txt
gdrive:OCR_annotation_Atlas/local_outputs/outputs,text_68ef817a452f79f8347f6404_update.txt,762,2026-02-27T18:40:17.742Z,.txt
gdrive:OCR_annotation_Atlas/local_outputs/outputs,text_68f0b12430c92357e8a6cc86_current.txt,95,2026-02-28T02:49:25.581Z,.txt
gdrive:OCR_annotation_Atlas/local_outputs/outputs,text_68f0b12430c92357e8a6cc86_update.txt,45,2026-02-28T02:49:25.600Z,.txt
gdrive:OCR_annotation_Atlas/local_outputs/outputs,text_68f0dee1a3148ee13c12dc80_current.txt,107,2026-02-28T02:47:43.482Z,.txt
gdrive:OCR_annotation_Atlas/local_outputs/outputs,text_68f0dee1a3148ee13c12dc80_update.txt,108,2026-02-28T02:47:43.483Z,.txt
gdrive:OCR_annotation_Atlas/local_outputs/outputs,text_68f15786562a5affe7463064_current.txt,1345,2026-02-28T04:08:01.575Z,.txt
gdrive:OCR_annotation_Atlas/local_outputs/outputs,text_68f15786562a5affe7463064_update.txt,1407,2026-02-28T04:08:01.576Z,.txt
gdrive:OCR_annotation_Atlas/local_outputs/outputs,text_68f17a9c1f665129c95100dd_current.txt,140,2026-02-27T16:45:58.976Z,.txt
gdrive:OCR_annotation_Atlas/local_outputs/outputs,text_68f17a9c1f665129c95100dd_update.txt,93,2026-02-27T16:45:58.976Z,.txt
gdrive:OCR_annotation_Atlas/local_outputs/outputs,text_68f2b743149dc6195a229a98_current.txt,99,2026-02-27T14:59:59.620Z,.txt
gdrive:OCR_annotation_Atlas/local_outputs/outputs,text_68f2b743149dc6195a229a98_update.txt,96,2026-02-27T14:59:59.623Z,.txt
gdrive:OCR_annotation_Atlas/local_outputs/outputs,text_68f317d89005688c06a6a7e1_current.txt,796,2026-02-26T16:25:07.820Z,.txt
gdrive:OCR_annotation_Atlas/local_outputs/outputs,text_68f317d89005688c06a6a7e1_update.txt,706,2026-02-26T16:25:07.820Z,.txt
gdrive:OCR_annotation_Atlas/local_outputs/outputs,text_68fac07cf5dbb2ea4acdac0f_current.txt,267,2026-02-28T02:35:42.051Z,.txt
gdrive:OCR_annotation_Atlas/local_outputs/outputs,text_68fac07cf5dbb2ea4acdac0f_update.txt,203,2026-02-28T02:35:42.070Z,.txt
gdrive:OCR_annotation_Atlas/local_outputs/outputs,text_6902582409e755fd3e02ec6f_current.txt,1485,2026-02-28T20:43:42.875Z,.txt
gdrive:OCR_annotation_Atlas/local_outputs/outputs,text_6902582409e755fd3e02ec6f_update.txt,1430,2026-02-28T20:43:42.876Z,.txt
gdrive:OCR_annotation_Atlas/local_outputs/outputs,text_6903dfa9a59c9682161d851a_current.txt,1843,2026-02-27T13:44:54.516Z,.txt
gdrive:OCR_annotation_Atlas/local_outputs/outputs,text_6903dfa9a59c9682161d851a_update.txt,1198,2026-02-27T13:44:54.518Z,.txt
gdrive:OCR_annotation_Atlas/local_outputs/outputs,text_69040c255942818c57e8101e_current.txt,250,2026-02-27T20:36:05.517Z,.txt
gdrive:OCR_annotation_Atlas/local_outputs/outputs,text_69040c255942818c57e8101e_update.txt,94,2026-02-27T20:36:05.518Z,.txt
gdrive:OCR_annotation_Atlas/local_outputs/outputs,text_6904f8384464a0b5fa460d2c_current.txt,547,2026-02-27T18:50:44.473Z,.txt
gdrive:OCR_annotation_Atlas/local_outputs/outputs,text_6904f8384464a0b5fa460d2c_update.txt,325,2026-02-27T18:50:44.475Z,.txt
gdrive:OCR_annotation_Atlas/local_outputs/outputs,text_6905ba8779a300fa5142f2c4_current.txt,535,2026-02-27T16:59:43.954Z,.txt
gdrive:OCR_annotation_Atlas/local_outputs/outputs,text_6905ba8779a300fa5142f2c4_update.txt,539,2026-02-27T16:59:43.954Z,.txt
gdrive:OCR_annotation_Atlas/local_outputs/outputs,text_6905ee72793ca147db5fab4a_current.txt,512,2026-02-28T00:32:11.787Z,.txt
gdrive:OCR_annotation_Atlas/local_outputs/outputs,text_6905ee72793ca147db5fab4a_update.txt,418,2026-02-28T00:32:11.788Z,.txt
gdrive:OCR_annotation_Atlas/local_outputs/outputs,text_6906e37c5b58bcc52dfd08fd_current.txt,603,2026-02-27T10:22:56.017Z,.txt
gdrive:OCR_annotation_Atlas/local_outputs/outputs,text_6906e37c5b58bcc52dfd08fd_update.txt,498,2026-02-27T10:22:56.017Z,.txt
gdrive:OCR_annotation_Atlas/local_outputs/outputs,text_6906e456130028964664afd6_current.txt,1426,2026-02-27T10:28:55.252Z,.txt
gdrive:OCR_annotation_Atlas/local_outputs/outputs,text_6906e456130028964664afd6_update.txt,1216,2026-02-27T10:28:55.252Z,.txt
gdrive:OCR_annotation_Atlas/local_outputs/outputs,text_6908124693915a8a59a6e999_current.txt,1007,2026-02-27T14:31:18.620Z,.txt
gdrive:OCR_annotation_Atlas/local_outputs/outputs,text_6908124693915a8a59a6e999_update.txt,707,2026-02-27T14:31:18.621Z,.txt
gdrive:OCR_annotation_Atlas/local_outputs/outputs,text_69081c32eeb4798a4062a814_current.txt,2216,2026-02-27T21:34:09.643Z,.txt
gdrive:OCR_annotation_Atlas/local_outputs/outputs,text_69081c32eeb4798a4062a814_update.txt,2216,2026-02-27T21:34:09.645Z,.txt
gdrive:OCR_annotation_Atlas/local_outputs/outputs,text_6908258fcf92d35e606e9512_current.txt,1826,2026-02-27T21:52:27.483Z,.txt
gdrive:OCR_annotation_Atlas/local_outputs/outputs,text_6908258fcf92d35e606e9512_update.txt,1586,2026-02-27T21:52:27.484Z,.txt
gdrive:OCR_annotation_Atlas/local_outputs/outputs,text_690826bdcda830d760e2a27e_current.txt,740,2026-02-27T22:14:58.699Z,.txt
gdrive:OCR_annotation_Atlas/local_outputs/outputs,text_690826bdcda830d760e2a27e_update.txt,695,2026-02-27T22:14:58.699Z,.txt
gdrive:OCR_annotation_Atlas/local_outputs/outputs,text_690826ec79a300fa5142f786_current.txt,864,2026-02-27T22:06:01.356Z,.txt
gdrive:OCR_annotation_Atlas/local_outputs/outputs,text_690826ec79a300fa5142f786_update.txt,669,2026-02-27T22:06:01.356Z,.txt
gdrive:OCR_annotation_Atlas/local_outputs/outputs,text_69082a5fa79d5a3e6dbece4d_current.txt,770,2026-02-28T02:24:51.605Z,.txt
gdrive:OCR_annotation_Atlas/local_outputs/outputs,text_69082a5fa79d5a3e6dbece4d_update.txt,361,2026-02-28T02:24:51.605Z,.txt
gdrive:OCR_annotation_Atlas/local_outputs/outputs,text_6908310d84d22199a55faf08_current.txt,443,2026-02-27T16:53:05.804Z,.txt
gdrive:OCR_annotation_Atlas/local_outputs/outputs,text_6908310d84d22199a55faf08_update.txt,295,2026-02-27T16:53:05.804Z,.txt
gdrive:OCR_annotation_Atlas/local_outputs/outputs,text_6908464283a2f3b1d89471ba_current.txt,1147,2026-02-26T10:07:48.789Z,.txt
gdrive:OCR_annotation_Atlas/local_outputs/outputs,text_6908464283a2f3b1d89471ba_update.txt,1140,2026-02-26T10:07:48.792Z,.txt
gdrive:OCR_annotation_Atlas/local_outputs/outputs,text_6908499da227377d9cd05065_current.txt,218,2026-02-28T03:39:47.274Z,.txt
gdrive:OCR_annotation_Atlas/local_outputs/outputs,text_6908499da227377d9cd05065_update.txt,182,2026-02-28T03:39:47.275Z,.txt
gdrive:OCR_annotation_Atlas/local_outputs/outputs,text_690870979a8a8155e21eeb77_current.txt,487,2026-02-27T14:36:15.400Z,.txt
gdrive:OCR_annotation_Atlas/local_outputs/outputs,text_690870979a8a8155e21eeb77_update.txt,244,2026-02-27T14:36:15.403Z,.txt
gdrive:OCR_annotation_Atlas/local_outputs/outputs,text_6908abf4b52f00738139ecc5_current.txt,359,2026-02-27T15:09:29.142Z,.txt
gdrive:OCR_annotation_Atlas/local_outputs/outputs,text_6908abf4b52f00738139ecc5_update.txt,221,2026-02-27T15:09:29.142Z,.txt
gdrive:OCR_annotation_Atlas/local_outputs/outputs,text_6908cc2b328d0cc4786f62ca_current.txt,831,2026-02-28T18:50:51.564Z,.txt
gdrive:OCR_annotation_Atlas/local_outputs/outputs,text_6908cc2b328d0cc4786f62ca_update.txt,483,2026-02-28T18:50:51.564Z,.txt
gdrive:OCR_annotation_Atlas/local_outputs/outputs,text_6908da42585c8c54c5162677_current.txt,625,2026-02-27T14:16:43.119Z,.txt
gdrive:OCR_annotation_Atlas/local_outputs/outputs,text_6908da42585c8c54c5162677_update.txt,490,2026-02-27T14:16:43.120Z,.txt
gdrive:OCR_annotation_Atlas/local_outputs/outputs,text_6908db5fe4c1fb08efd4af2e_current.txt,624,2026-02-27T11:16:46.224Z,.txt
gdrive:OCR_annotation_Atlas/local_outputs/outputs,text_6908db5fe4c1fb08efd4af2e_update.txt,592,2026-02-27T11:16:46.224Z,.txt
gdrive:OCR_annotation_Atlas/local_outputs/outputs,text_69097cba801307bbf93be1e2_current.txt,1382,2026-02-27T15:20:32.747Z,.txt
gdrive:OCR_annotation_Atlas/local_outputs/outputs,text_69097cba801307bbf93be1e2_update.txt,1428,2026-02-27T15:20:32.747Z,.txt
gdrive:OCR_annotation_Atlas/local_outputs/outputs,text_690aa679ab10069f8a6cbaaa_current.txt,1011,2026-02-27T11:25:08.043Z,.txt
gdrive:OCR_annotation_Atlas/local_outputs/outputs,text_690aa679ab10069f8a6cbaaa_update.txt,920,2026-02-27T11:25:08.043Z,.txt
gdrive:OCR_annotation_Atlas/local_outputs/outputs,text_690aac914598106001a9717e_current.txt,585,2026-02-26T10:53:14.545Z,.txt
gdrive:OCR_annotation_Atlas/local_outputs/outputs,text_690aac914598106001a9717e_update.txt,490,2026-02-26T10:53:14.547Z,.txt
gdrive:OCR_annotation_Atlas/local_outputs/outputs,training_feedback_live_20260227_142559.log,516,2026-02-27T12:47:05.007Z,.log
gdrive:OCR_annotation_Atlas/local_outputs/outputs,training_feedback_live_20260227_143552.log,258,2026-02-27T12:39:40.181Z,.log
gdrive:OCR_annotation_Atlas/local_outputs/outputs,training_feedback_live_20260227_153421.log,5760,2026-02-27T14:06:04.412Z,.log
gdrive:OCR_annotation_Atlas/local_outputs/outputs,training_feedback_live_20260227_160917.log,2848,2026-02-27T14:58:00.793Z,.log
gdrive:OCR_annotation_Atlas/local_outputs/outputs,training_feedback_live_20260227_165805.log,9945,2026-02-27T21:40:29.744Z,.log
gdrive:OCR_annotation_Atlas/local_outputs/outputs,training_feedback_live_20260227_234429.log,7855,2026-02-27T23:12:11.734Z,.log
gdrive:OCR_annotation_Atlas/local_outputs/outputs,training_feedback_live_20260228_020400.log,987,2026-02-28T02:13:32.296Z,.log
gdrive:OCR_annotation_Atlas/local_outputs/outputs,training_feedback_live_20260228_021758.log,652,2026-02-28T01:24:41.894Z,.log
gdrive:OCR_annotation_Atlas/local_outputs/outputs,training_feedback_live_20260228_041509.log,652,2026-02-28T03:21:53.404Z,.log
gdrive:OCR_annotation_Atlas/local_outputs/outputs,training_feedback_live_20260228_052337.log,326,2026-02-28T03:26:57.119Z,.log
gdrive:OCR_annotation_Atlas/local_outputs/outputs,training_feedback_live_20260228_054839.log,3339,2026-02-28T23:57:24.041Z,.log
gdrive:OCR_annotation_Atlas/local_outputs/outputs,training_whatsapp_live_20260227_143552.log,1722,2026-02-27T12:47:08.063Z,.log
gdrive:OCR_annotation_Atlas/local_outputs/outputs,training_whatsapp_live_20260227_153421.log,1974,2026-02-27T14:06:04.412Z,.log
gdrive:OCR_annotation_Atlas/local_outputs/outputs,training_whatsapp_live_20260227_160917.log,1114,2026-02-27T14:57:59.519Z,.log
gdrive:OCR_annotation_Atlas/local_outputs/outputs,training_whatsapp_live_20260227_165805.log,5862,2026-02-27T21:40:00.193Z,.log
gdrive:OCR_annotation_Atlas/local_outputs/outputs,training_whatsapp_live_20260227_234429.log,1325,2026-02-27T23:12:11.272Z,.log
gdrive:OCR_annotation_Atlas/local_outputs/outputs,training_whatsapp_live_20260228_020400.log,631,2026-02-28T02:05:36.445Z,.log
gdrive:OCR_annotation_Atlas/local_outputs/outputs,training_whatsapp_live_20260228_021758.log,482,2026-02-28T01:19:20.464Z,.log
gdrive:OCR_annotation_Atlas/local_outputs/outputs,training_whatsapp_live_20260228_041509.log,482,2026-02-28T03:16:08.030Z,.log
gdrive:OCR_annotation_Atlas/local_outputs/outputs,training_whatsapp_live_20260228_052337.log,336,2026-02-28T03:24:51.842Z,.log
gdrive:OCR_annotation_Atlas/local_outputs/outputs,training_whatsapp_live_20260228_054839.log,1796,2026-02-28T23:29:29.325Z,.log
gdrive:OCR_annotation_Atlas/local_outputs/outputs,validation_68c3f1ac1e0d1d81b7edf691.json,133,2026-02-28T15:09:12.021Z,.json
gdrive:OCR_annotation_Atlas/local_outputs/outputs,validation_68d0fbec7b066cb2c7f29719.json,187,2026-02-27T10:02:04.015Z,.json
gdrive:OCR_annotation_Atlas/local_outputs/outputs,validation_68d255774b1c32266ea180f4.json,77,2026-02-28T00:23:25.350Z,.json
gdrive:OCR_annotation_Atlas/local_outputs/outputs,validation_68d27f43593c576a5a68eeb1.json,77,2026-02-28T02:18:49.471Z,.json
gdrive:OCR_annotation_Atlas/local_outputs/outputs,validation_68d30cd24279056a87185772.json,398,2026-02-26T23:34:48.701Z,.json
gdrive:OCR_annotation_Atlas/local_outputs/outputs,validation_68d35db9c03c89e6ffdb1889.json,77,2026-02-27T12:28:56.470Z,.json
gdrive:OCR_annotation_Atlas/local_outputs/outputs,validation_68d35eef6427d8caac511771.json,566,2026-02-28T02:58:08.555Z,.json
gdrive:OCR_annotation_Atlas/local_outputs/outputs,validation_68d392616fbe40458fa40f4c.json,722,2026-02-27T00:23:15.069Z,.json
gdrive:OCR_annotation_Atlas/local_outputs/outputs,validation_68d3b4bb0ae7e3f9414a1e80.json,1266,2026-02-26T22:56:12.266Z,.json
gdrive:OCR_annotation_Atlas/local_outputs/outputs,validation_68d3d77c181a3411ed1460f9.json,78,2026-02-27T11:01:45.388Z,.json
gdrive:OCR_annotation_Atlas/local_outputs/outputs,validation_68d3eea91a5fd3e72b5cfee9.json,78,2026-02-27T12:40:42.897Z,.json
gdrive:OCR_annotation_Atlas/local_outputs/outputs,validation_68d3f5739ad4e83f3cd10e3f.json,459,2026-02-26T23:05:17.631Z,.json
gdrive:OCR_annotation_Atlas/local_outputs/outputs,validation_68d3fbdf737c6330c3e78843.json,297,2026-02-27T01:02:47.314Z,.json
gdrive:OCR_annotation_Atlas/local_outputs/outputs,validation_68d3fc80963606becec188d3.json,78,2026-02-27T19:07:16.011Z,.json
gdrive:OCR_annotation_Atlas/local_outputs/outputs,validation_68d3ff6fd5da0393353cb5ff.json,77,2026-02-28T14:11:02.961Z,.json
gdrive:OCR_annotation_Atlas/local_outputs/outputs,validation_68d43e8a92167fffa6059988.json,78,2026-02-27T02:28:57.519Z,.json
gdrive:OCR_annotation_Atlas/local_outputs/outputs,validation_68d43f556a28a17b71a80053.json,78,2026-02-26T23:12:44.426Z,.json
gdrive:OCR_annotation_Atlas/local_outputs/outputs,validation_68d43fe6e3ac7b738e9a184e.json,78,2026-02-27T02:36:13.344Z,.json
gdrive:OCR_annotation_Atlas/local_outputs/outputs,validation_68e3470ff350f31a886d6c34.json,77,2026-02-26T23:15:17.950Z,.json
gdrive:OCR_annotation_Atlas/local_outputs/outputs,validation_68e34ddfb8f287e0fcd02b25.json,78,2026-02-26T23:24:58.089Z,.json
gdrive:OCR_annotation_Atlas/local_outputs/outputs,validation_68e58b9189109caed5ef12c8.json,78,2026-02-27T02:51:01.703Z,.json
gdrive:OCR_annotation_Atlas/local_outputs/outputs,validation_68e58b9189109caed5ef12c9.json,78,2026-02-27T02:57:33.438Z,.json
gdrive:OCR_annotation_Atlas/local_outputs/outputs,validation_68e63c8c5126e2d5fa222f02.json,891,2026-02-27T01:19:37.047Z,.json
gdrive:OCR_annotation_Atlas/local_outputs/outputs,validation_68ebc63edd730ae04eea6739.json,77,2026-02-28T02:37:57.266Z,.json
gdrive:OCR_annotation_Atlas/local_outputs/outputs,validation_68ec1852629a1b7aa8567715.json,78,2026-02-26T17:31:44.700Z,.json
gdrive:OCR_annotation_Atlas/local_outputs/outputs,validation_68ec1b58251361abf298e0ce.json,77,2026-02-27T02:44:08.116Z,.json
gdrive:OCR_annotation_Atlas/local_outputs/outputs,validation_68ecf842f47952d368a673ef.json,345,2026-02-27T11:08:17.285Z,.json
gdrive:OCR_annotation_Atlas/local_outputs/outputs,validation_68ed9db192b3737830533b65.json,133,2026-02-27T03:31:23.677Z,.json
gdrive:OCR_annotation_Atlas/local_outputs/outputs,validation_68edba1e92b3737830533be5.json,77,2026-02-27T02:18:27.471Z,.json
gdrive:OCR_annotation_Atlas/local_outputs/outputs,validation_68eddb1555aa22d83ab0ee2b.json,78,2026-02-27T03:14:13.226Z,.json
gdrive:OCR_annotation_Atlas/local_outputs/outputs,validation_68edeea12cf9a91061e72b50.json,186,2026-02-27T12:45:29.102Z,.json
gdrive:OCR_annotation_Atlas/local_outputs/outputs,validation_68edfecfdb3a74f2cf45aa91.json,77,2026-02-28T00:26:47.247Z,.json
gdrive:OCR_annotation_Atlas/local_outputs/outputs,validation_68ee5f9112fd60d4a9f62f34.json,559,2026-02-28T02:31:14.452Z,.json
gdrive:OCR_annotation_Atlas/local_outputs/outputs,validation_68ee92df5423a5e7f4d6fcbd.json,77,2026-02-27T03:21:42.013Z,.json
gdrive:OCR_annotation_Atlas/local_outputs/outputs,validation_68ee9e1c4cde55c7fcb2d267.json,886,2026-02-27T10:09:53.132Z,.json
gdrive:OCR_annotation_Atlas/local_outputs/outputs,validation_68eefb3a45bc7b3f72551226.json,453,2026-02-27T10:18:05.916Z,.json
gdrive:OCR_annotation_Atlas/local_outputs/outputs,validation_68eefb5ae6e0fe0709372e7b.json,398,2026-02-27T18:23:03.938Z,.json
gdrive:OCR_annotation_Atlas/local_outputs/outputs,validation_68ef3d8cf0eef07129121f8b.json,78,2026-02-27T17:12:08.652Z,.json
gdrive:OCR_annotation_Atlas/local_outputs/outputs,validation_68ef770bcd14a48e6cb6c918.json,77,2026-02-26T13:28:52.038Z,.json
gdrive:OCR_annotation_Atlas/local_outputs/outputs,validation_68ef817a452f79f8347f6404.json,133,2026-02-27T18:40:17.746Z,.json
gdrive:OCR_annotation_Atlas/local_outputs/outputs,validation_68f0b12430c92357e8a6cc86.json,77,2026-02-28T02:49:25.602Z,.json
gdrive:OCR_annotation_Atlas/local_outputs/outputs,validation_68f0dee1a3148ee13c12dc80.json,77,2026-02-28T02:47:43.484Z,.json
gdrive:OCR_annotation_Atlas/local_outputs/outputs,validation_68f15786562a5affe7463064.json,617,2026-02-28T04:08:01.580Z,.json
gdrive:OCR_annotation_Atlas/local_outputs/outputs,validation_68f17a9c1f665129c95100dd.json,77,2026-02-27T16:45:58.977Z,.json
gdrive:OCR_annotation_Atlas/local_outputs/outputs,validation_68f2b743149dc6195a229a98.json,77,2026-02-27T14:59:59.631Z,.json
gdrive:OCR_annotation_Atlas/local_outputs/outputs,validation_68f317d89005688c06a6a7e1.json,350,2026-02-26T16:25:07.822Z,.json
gdrive:OCR_annotation_Atlas/local_outputs/outputs,validation_68fac07cf5dbb2ea4acdac0f.json,186,2026-02-28T02:35:42.071Z,.json
gdrive:OCR_annotation_Atlas/local_outputs/outputs,validation_6902582409e755fd3e02ec6f.json,567,2026-02-28T20:43:42.884Z,.json
gdrive:OCR_annotation_Atlas/local_outputs/outputs,validation_6903dfa9a59c9682161d851a.json,1051,2026-02-27T13:44:54.530Z,.json
gdrive:OCR_annotation_Atlas/local_outputs/outputs,validation_69040c255942818c57e8101e.json,186,2026-02-27T20:36:05.523Z,.json
gdrive:OCR_annotation_Atlas/local_outputs/outputs,validation_6904f8384464a0b5fa460d2c.json,453,2026-02-27T18:50:44.477Z,.json
gdrive:OCR_annotation_Atlas/local_outputs/outputs,validation_6905ba8779a300fa5142f2c4.json,77,2026-02-27T16:59:43.956Z,.json
gdrive:OCR_annotation_Atlas/local_outputs/outputs,validation_6905ee72793ca147db5fab4a.json,345,2026-02-28T00:32:11.788Z,.json
gdrive:OCR_annotation_Atlas/local_outputs/outputs,validation_6906e37c5b58bcc52dfd08fd.json,78,2026-02-27T10:22:56.018Z,.json
gdrive:OCR_annotation_Atlas/local_outputs/outputs,validation_6906e456130028964664afd6.json,78,2026-02-27T10:28:55.254Z,.json
gdrive:OCR_annotation_Atlas/local_outputs/outputs,validation_6908124693915a8a59a6e999.json,564,2026-02-27T14:31:18.626Z,.json
gdrive:OCR_annotation_Atlas/local_outputs/outputs,validation_69081c32eeb4798a4062a814.json,78,2026-02-27T21:34:09.652Z,.json
gdrive:OCR_annotation_Atlas/local_outputs/outputs,validation_6908258fcf92d35e606e9512.json,675,2026-02-27T21:52:27.488Z,.json
gdrive:OCR_annotation_Atlas/local_outputs/outputs,validation_690826bdcda830d760e2a27e.json,78,2026-02-27T22:14:58.701Z,.json
gdrive:OCR_annotation_Atlas/local_outputs/outputs,validation_690826ec79a300fa5142f786.json,459,2026-02-27T22:06:01.358Z,.json
gdrive:OCR_annotation_Atlas/local_outputs/outputs,validation_69082a5fa79d5a3e6dbece4d.json,560,2026-02-28T02:24:51.605Z,.json
gdrive:OCR_annotation_Atlas/local_outputs/outputs,validation_6908310d84d22199a55faf08.json,345,2026-02-27T16:53:05.809Z,.json
gdrive:OCR_annotation_Atlas/local_outputs/outputs,validation_6908464283a2f3b1d89471ba.json,78,2026-02-26T10:07:48.795Z,.json
gdrive:OCR_annotation_Atlas/local_outputs/outputs,validation_6908499da227377d9cd05065.json,77,2026-02-28T03:39:47.277Z,.json
gdrive:OCR_annotation_Atlas/local_outputs/outputs,validation_690870979a8a8155e21eeb77.json,186,2026-02-27T14:36:15.406Z,.json
gdrive:OCR_annotation_Atlas/local_outputs/outputs,validation_6908abf4b52f00738139ecc5.json,133,2026-02-27T15:09:29.145Z,.json
gdrive:OCR_annotation_Atlas/local_outputs/outputs,validation_6908cc2b328d0cc4786f62ca.json,78,2026-02-28T18:50:51.566Z,.json
gdrive:OCR_annotation_Atlas/local_outputs/outputs,validation_6908da42585c8c54c5162677.json,241,2026-02-27T14:16:43.127Z,.json
gdrive:OCR_annotation_Atlas/local_outputs/outputs,validation_6908db5fe4c1fb08efd4af2e.json,885,2026-02-27T11:16:46.226Z,.json
gdrive:OCR_annotation_Atlas/local_outputs/outputs,validation_69097cba801307bbf93be1e2.json,78,2026-02-27T15:20:32.751Z,.json
gdrive:OCR_annotation_Atlas/local_outputs/outputs,validation_690aa679ab10069f8a6cbaaa.json,837,2026-02-27T11:25:08.046Z,.json
gdrive:OCR_annotation_Atlas/local_outputs/outputs,validation_690aac914598106001a9717e.json,78,2026-02-26T10:53:14.551Z,.json
gdrive:OCR_annotation_Atlas/local_outputs/outputs,video_68c3f1ac1e0d1d81b7edf691.mp4,2960394,2026-02-28T14:13:02.101Z,.mp4
gdrive:OCR_annotation_Atlas/local_outputs/outputs,video_68c3f1ac1e0d1d81b7edf691_upload_opt.mp4,1316664,2026-02-28T14:14:46.623Z,.mp4
gdrive:OCR_annotation_Atlas/local_outputs/outputs,video_68d0fbec7b066cb2c7f29719.mp4,6632270,2026-02-27T09:05:32.766Z,.mp4
gdrive:OCR_annotation_Atlas/local_outputs/outputs,video_68d255774b1c32266ea180f4.mp4,5906731,2026-02-28T00:18:44.718Z,.mp4
gdrive:OCR_annotation_Atlas/local_outputs/outputs,video_68d27f43593c576a5a68eeb1.mp4,18294088,2026-02-28T00:35:39.967Z,.mp4
gdrive:OCR_annotation_Atlas/local_outputs/outputs,video_68d27f43593c576a5a68eeb1_upload_opt.mp4,3627398,2026-02-28T00:36:26.437Z,.mp4
gdrive:OCR_annotation_Atlas/local_outputs/outputs,video_68d30cd24279056a87185772.mp4,17763366,2026-02-26T23:30:22.948Z,.mp4
gdrive:OCR_annotation_Atlas/local_outputs/outputs,video_68d30cd24279056a87185772_upload_opt.mp4,3977923,2026-02-26T23:32:16.518Z,.mp4
gdrive:OCR_annotation_Atlas/local_outputs/outputs,video_68d35db9c03c89e6ffdb1889.mp4,8708472,2026-02-27T10:53:23.334Z,.mp4
gdrive:OCR_annotation_Atlas/local_outputs/outputs,video_68d35db9c03c89e6ffdb1889_upload_opt.mp4,4128282,2026-02-27T10:53:46.961Z,.mp4
gdrive:OCR_annotation_Atlas/local_outputs/outputs,video_68d35eef6427d8caac511771.mp4,22977507,2026-02-28T02:52:23.982Z,.mp4
gdrive:OCR_annotation_Atlas/local_outputs/outputs,video_68d35eef6427d8caac511771_upload_opt.mp4,4531414,2026-02-28T02:55:55.644Z,.mp4
gdrive:OCR_annotation_Atlas/local_outputs/outputs,video_68d392616fbe40458fa40f4c_upload_opt.mp4,3413508,2026-02-26T23:39:03.392Z,.mp4
gdrive:OCR_annotation_Atlas/local_outputs/outputs,video_68d3ae44af655dca6d42e6cc.mp4,7548003,2026-02-28T03:36:03.923Z,.mp4
gdrive:OCR_annotation_Atlas/local_outputs/outputs,video_68d3b4bb0ae7e3f9414a1e80_upload_opt.mp4,3609458,2026-02-26T22:52:16.574Z,.mp4
gdrive:OCR_annotation_Atlas/local_outputs/outputs,video_68d3d77c181a3411ed1460f9_upload_opt.mp4,3507756,2026-02-27T11:00:16.012Z,.mp4
